disease_code,disease_name,region,year,case_count,source
COVID_001,COVID-19,Afghanistan,2020,0,OWID
COVID_001,COVID-19,Afghanistan,2021,0,OWID
COVID_001,COVID-19,Afghanistan,2022,0,OWID
COVID_001,COVID-19,Afghanistan,2023,257,OWID
COVID_001,COVID-19,Afghanistan,2024,0,OWID
COVID_001,COVID-19,Africa,2020,0,OWID
COVID_001,COVID-19,Africa,2021,0,OWID
COVID_001,COVID-19,Africa,2022,0,OWID
COVID_001,COVID-19,Africa,2023,6958,OWID
COVID_001,COVID-19,Africa,2024,0,OWID
COVID_001,COVID-19,Albania,2020,0,OWID
COVID_001,COVID-19,Albania,2021,0,OWID
COVID_001,COVID-19,Albania,2022,0,OWID
COVID_001,COVID-19,Albania,2023,124,OWID
COVID_001,COVID-19,Albania,2024,0,OWID
COVID_001,COVID-19,Algeria,2020,0,OWID
COVID_001,COVID-19,Algeria,2021,0,OWID
COVID_001,COVID-19,Algeria,2022,0,OWID
COVID_001,COVID-19,Algeria,2023,23,OWID
COVID_001,COVID-19,Algeria,2024,0,OWID
COVID_001,COVID-19,American Samoa,2020,0,OWID
COVID_001,COVID-19,American Samoa,2021,0,OWID
COVID_001,COVID-19,American Samoa,2022,0,OWID
COVID_001,COVID-19,American Samoa,2023,19,OWID
COVID_001,COVID-19,American Samoa,2024,0,OWID
COVID_001,COVID-19,Andorra,2020,0,OWID
COVID_001,COVID-19,Andorra,2021,0,OWID
COVID_001,COVID-19,Andorra,2022,0,OWID
COVID_001,COVID-19,Andorra,2023,65,OWID
COVID_001,COVID-19,Andorra,2024,0,OWID
COVID_001,COVID-19,Angola,2020,0,OWID
COVID_001,COVID-19,Angola,2021,0,OWID
COVID_001,COVID-19,Angola,2022,0,OWID
COVID_001,COVID-19,Angola,2023,25,OWID
COVID_001,COVID-19,Angola,2024,0,OWID
COVID_001,COVID-19,Anguilla,2020,0,OWID
COVID_001,COVID-19,Anguilla,2021,0,OWID
COVID_001,COVID-19,Anguilla,2022,0,OWID
COVID_001,COVID-19,Anguilla,2023,0,OWID
COVID_001,COVID-19,Anguilla,2024,0,OWID
COVID_001,COVID-19,Antigua and Barbuda,2020,0,OWID
COVID_001,COVID-19,Antigua and Barbuda,2021,0,OWID
COVID_001,COVID-19,Antigua and Barbuda,2022,0,OWID
COVID_001,COVID-19,Antigua and Barbuda,2023,0,OWID
COVID_001,COVID-19,Antigua and Barbuda,2024,0,OWID
COVID_001,COVID-19,Argentina,2020,0,OWID
COVID_001,COVID-19,Argentina,2021,0,OWID
COVID_001,COVID-19,Argentina,2022,0,OWID
COVID_001,COVID-19,Argentina,2023,72558,OWID
COVID_001,COVID-19,Argentina,2024,0,OWID
COVID_001,COVID-19,Armenia,2020,0,OWID
COVID_001,COVID-19,Armenia,2021,0,OWID
COVID_001,COVID-19,Armenia,2022,0,OWID
COVID_001,COVID-19,Armenia,2023,37,OWID
COVID_001,COVID-19,Armenia,2024,0,OWID
COVID_001,COVID-19,Aruba,2020,0,OWID
COVID_001,COVID-19,Aruba,2021,0,OWID
COVID_001,COVID-19,Aruba,2022,0,OWID
COVID_001,COVID-19,Aruba,2023,108,OWID
COVID_001,COVID-19,Aruba,2024,0,OWID
COVID_001,COVID-19,Asia,2020,1,OWID
COVID_001,COVID-19,Asia,2021,0,OWID
COVID_001,COVID-19,Asia,2022,0,OWID
COVID_001,COVID-19,Asia,2023,26088587,OWID
COVID_001,COVID-19,Asia,2024,0,OWID
COVID_001,COVID-19,Australia,2020,0,OWID
COVID_001,COVID-19,Australia,2021,0,OWID
COVID_001,COVID-19,Australia,2022,0,OWID
COVID_001,COVID-19,Australia,2023,91518,OWID
COVID_001,COVID-19,Australia,2024,0,OWID
COVID_001,COVID-19,Austria,2020,0,OWID
COVID_001,COVID-19,Austria,2021,0,OWID
COVID_001,COVID-19,Austria,2022,0,OWID
COVID_001,COVID-19,Austria,2023,26728,OWID
COVID_001,COVID-19,Austria,2024,0,OWID
COVID_001,COVID-19,Azerbaijan,2020,0,OWID
COVID_001,COVID-19,Azerbaijan,2021,0,OWID
COVID_001,COVID-19,Azerbaijan,2022,0,OWID
COVID_001,COVID-19,Azerbaijan,2023,508,OWID
COVID_001,COVID-19,Azerbaijan,2024,0,OWID
COVID_001,COVID-19,Bahamas,2020,0,OWID
COVID_001,COVID-19,Bahamas,2021,0,OWID
COVID_001,COVID-19,Bahamas,2022,0,OWID
COVID_001,COVID-19,Bahamas,2023,0,OWID
COVID_001,COVID-19,Bahamas,2024,0,OWID
COVID_001,COVID-19,Bahrain,2020,0,OWID
COVID_001,COVID-19,Bahrain,2021,0,OWID
COVID_001,COVID-19,Bahrain,2022,0,OWID
COVID_001,COVID-19,Bahrain,2023,0,OWID
COVID_001,COVID-19,Bahrain,2024,0,OWID
COVID_001,COVID-19,Bangladesh,2020,0,OWID
COVID_001,COVID-19,Bangladesh,2021,0,OWID
COVID_001,COVID-19,Bangladesh,2022,0,OWID
COVID_001,COVID-19,Bangladesh,2023,118,OWID
COVID_001,COVID-19,Bangladesh,2024,0,OWID
COVID_001,COVID-19,Barbados,2020,0,OWID
COVID_001,COVID-19,Barbados,2021,0,OWID
COVID_001,COVID-19,Barbados,2022,0,OWID
COVID_001,COVID-19,Barbados,2023,0,OWID
COVID_001,COVID-19,Barbados,2024,0,OWID
COVID_001,COVID-19,Belarus,2020,0,OWID
COVID_001,COVID-19,Belarus,2021,0,OWID
COVID_001,COVID-19,Belarus,2022,0,OWID
COVID_001,COVID-19,Belarus,2023,0,OWID
COVID_001,COVID-19,Belarus,2024,0,OWID
COVID_001,COVID-19,Belgium,2020,0,OWID
COVID_001,COVID-19,Belgium,2021,0,OWID
COVID_001,COVID-19,Belgium,2022,0,OWID
COVID_001,COVID-19,Belgium,2023,6375,OWID
COVID_001,COVID-19,Belgium,2024,0,OWID
COVID_001,COVID-19,Belize,2020,0,OWID
COVID_001,COVID-19,Belize,2021,0,OWID
COVID_001,COVID-19,Belize,2022,0,OWID
COVID_001,COVID-19,Belize,2023,271,OWID
COVID_001,COVID-19,Belize,2024,0,OWID
COVID_001,COVID-19,Benin,2020,0,OWID
COVID_001,COVID-19,Benin,2021,0,OWID
COVID_001,COVID-19,Benin,2022,0,OWID
COVID_001,COVID-19,Benin,2023,1,OWID
COVID_001,COVID-19,Benin,2024,0,OWID
COVID_001,COVID-19,Bermuda,2020,0,OWID
COVID_001,COVID-19,Bermuda,2021,0,OWID
COVID_001,COVID-19,Bermuda,2022,0,OWID
COVID_001,COVID-19,Bermuda,2023,65,OWID
COVID_001,COVID-19,Bermuda,2024,0,OWID
COVID_001,COVID-19,Bhutan,2020,0,OWID
COVID_001,COVID-19,Bhutan,2021,0,OWID
COVID_001,COVID-19,Bhutan,2022,0,OWID
COVID_001,COVID-19,Bhutan,2023,7,OWID
COVID_001,COVID-19,Bhutan,2024,0,OWID
COVID_001,COVID-19,Bolivia,2020,0,OWID
COVID_001,COVID-19,Bolivia,2021,0,OWID
COVID_001,COVID-19,Bolivia,2022,0,OWID
COVID_001,COVID-19,Bolivia,2023,14277,OWID
COVID_001,COVID-19,Bolivia,2024,0,OWID
COVID_001,COVID-19,Bonaire Sint Eustatius and Saba,2020,0,OWID
COVID_001,COVID-19,Bonaire Sint Eustatius and Saba,2021,0,OWID
COVID_001,COVID-19,Bonaire Sint Eustatius and Saba,2022,0,OWID
COVID_001,COVID-19,Bonaire Sint Eustatius and Saba,2023,0,OWID
COVID_001,COVID-19,Bonaire Sint Eustatius and Saba,2024,0,OWID
COVID_001,COVID-19,Bosnia and Herzegovina,2020,0,OWID
COVID_001,COVID-19,Bosnia and Herzegovina,2021,0,OWID
COVID_001,COVID-19,Bosnia and Herzegovina,2022,0,OWID
COVID_001,COVID-19,Bosnia and Herzegovina,2023,151,OWID
COVID_001,COVID-19,Bosnia and Herzegovina,2024,0,OWID
COVID_001,COVID-19,Botswana,2020,0,OWID
COVID_001,COVID-19,Botswana,2021,0,OWID
COVID_001,COVID-19,Botswana,2022,0,OWID
COVID_001,COVID-19,Botswana,2023,218,OWID
COVID_001,COVID-19,Botswana,2024,0,OWID
COVID_001,COVID-19,Brazil,2020,0,OWID
COVID_001,COVID-19,Brazil,2021,0,OWID
COVID_001,COVID-19,Brazil,2022,0,OWID
COVID_001,COVID-19,Brazil,2023,206944,OWID
COVID_001,COVID-19,Brazil,2024,0,OWID
COVID_001,COVID-19,British Virgin Islands,2020,0,OWID
COVID_001,COVID-19,British Virgin Islands,2021,0,OWID
COVID_001,COVID-19,British Virgin Islands,2022,0,OWID
COVID_001,COVID-19,British Virgin Islands,2023,0,OWID
COVID_001,COVID-19,British Virgin Islands,2024,0,OWID
COVID_001,COVID-19,Brunei,2020,0,OWID
COVID_001,COVID-19,Brunei,2021,0,OWID
COVID_001,COVID-19,Brunei,2022,0,OWID
COVID_001,COVID-19,Brunei,2023,1584,OWID
COVID_001,COVID-19,Brunei,2024,0,OWID
COVID_001,COVID-19,Bulgaria,2020,0,OWID
COVID_001,COVID-19,Bulgaria,2021,0,OWID
COVID_001,COVID-19,Bulgaria,2022,0,OWID
COVID_001,COVID-19,Bulgaria,2023,877,OWID
COVID_001,COVID-19,Bulgaria,2024,0,OWID
COVID_001,COVID-19,Burkina Faso,2020,0,OWID
COVID_001,COVID-19,Burkina Faso,2021,0,OWID
COVID_001,COVID-19,Burkina Faso,2022,0,OWID
COVID_001,COVID-19,Burkina Faso,2023,17,OWID
COVID_001,COVID-19,Burkina Faso,2024,0,OWID
COVID_001,COVID-19,Burundi,2020,0,OWID
COVID_001,COVID-19,Burundi,2021,0,OWID
COVID_001,COVID-19,Burundi,2022,0,OWID
COVID_001,COVID-19,Burundi,2023,111,OWID
COVID_001,COVID-19,Burundi,2024,0,OWID
COVID_001,COVID-19,Cambodia,2020,0,OWID
COVID_001,COVID-19,Cambodia,2021,0,OWID
COVID_001,COVID-19,Cambodia,2022,0,OWID
COVID_001,COVID-19,Cambodia,2023,89,OWID
COVID_001,COVID-19,Cambodia,2024,0,OWID
COVID_001,COVID-19,Cameroon,2020,0,OWID
COVID_001,COVID-19,Cameroon,2021,0,OWID
COVID_001,COVID-19,Cameroon,2022,0,OWID
COVID_001,COVID-19,Cameroon,2023,0,OWID
COVID_001,COVID-19,Cameroon,2024,0,OWID
COVID_001,COVID-19,Canada,2020,0,OWID
COVID_001,COVID-19,Canada,2021,0,OWID
COVID_001,COVID-19,Canada,2022,0,OWID
COVID_001,COVID-19,Canada,2023,16395,OWID
COVID_001,COVID-19,Canada,2024,0,OWID
COVID_001,COVID-19,Cape Verde,2020,0,OWID
COVID_001,COVID-19,Cape Verde,2021,0,OWID
COVID_001,COVID-19,Cape Verde,2022,0,OWID
COVID_001,COVID-19,Cape Verde,2023,10,OWID
COVID_001,COVID-19,Cape Verde,2024,0,OWID
COVID_001,COVID-19,Cayman Islands,2020,0,OWID
COVID_001,COVID-19,Cayman Islands,2021,0,OWID
COVID_001,COVID-19,Cayman Islands,2022,0,OWID
COVID_001,COVID-19,Cayman Islands,2023,0,OWID
COVID_001,COVID-19,Cayman Islands,2024,0,OWID
COVID_001,COVID-19,Central African Republic,2020,0,OWID
COVID_001,COVID-19,Central African Republic,2021,0,OWID
COVID_001,COVID-19,Central African Republic,2022,0,OWID
COVID_001,COVID-19,Central African Republic,2023,0,OWID
COVID_001,COVID-19,Central African Republic,2024,0,OWID
COVID_001,COVID-19,Chad,2020,0,OWID
COVID_001,COVID-19,Chad,2021,0,OWID
COVID_001,COVID-19,Chad,2022,0,OWID
COVID_001,COVID-19,Chad,2023,1,OWID
COVID_001,COVID-19,Chad,2024,0,OWID
COVID_001,COVID-19,Chile,2020,0,OWID
COVID_001,COVID-19,Chile,2021,0,OWID
COVID_001,COVID-19,Chile,2022,0,OWID
COVID_001,COVID-19,Chile,2023,31368,OWID
COVID_001,COVID-19,Chile,2024,0,OWID
COVID_001,COVID-19,China,2020,1,OWID
COVID_001,COVID-19,China,2021,0,OWID
COVID_001,COVID-19,China,2022,0,OWID
COVID_001,COVID-19,China,2023,24644876,OWID
COVID_001,COVID-19,China,2024,0,OWID
COVID_001,COVID-19,Colombia,2020,0,OWID
COVID_001,COVID-19,Colombia,2021,0,OWID
COVID_001,COVID-19,Colombia,2022,0,OWID
COVID_001,COVID-19,Colombia,2023,6776,OWID
COVID_001,COVID-19,Colombia,2024,0,OWID
COVID_001,COVID-19,Comoros,2020,0,OWID
COVID_001,COVID-19,Comoros,2021,0,OWID
COVID_001,COVID-19,Comoros,2022,0,OWID
COVID_001,COVID-19,Comoros,2023,3,OWID
COVID_001,COVID-19,Comoros,2024,0,OWID
COVID_001,COVID-19,Congo,2020,0,OWID
COVID_001,COVID-19,Congo,2021,0,OWID
COVID_001,COVID-19,Congo,2022,0,OWID
COVID_001,COVID-19,Congo,2023,0,OWID
COVID_001,COVID-19,Congo,2024,0,OWID
COVID_001,COVID-19,Cook Islands,2020,0,OWID
COVID_001,COVID-19,Cook Islands,2021,0,OWID
COVID_001,COVID-19,Cook Islands,2022,0,OWID
COVID_001,COVID-19,Cook Islands,2023,85,OWID
COVID_001,COVID-19,Cook Islands,2024,0,OWID
COVID_001,COVID-19,Costa Rica,2020,0,OWID
COVID_001,COVID-19,Costa Rica,2021,0,OWID
COVID_001,COVID-19,Costa Rica,2022,0,OWID
COVID_001,COVID-19,Costa Rica,2023,5155,OWID
COVID_001,COVID-19,Costa Rica,2024,0,OWID
COVID_001,COVID-19,Cote d'Ivoire,2020,0,OWID
COVID_001,COVID-19,Cote d'Ivoire,2021,0,OWID
COVID_001,COVID-19,Cote d'Ivoire,2022,0,OWID
COVID_001,COVID-19,Cote d'Ivoire,2023,8,OWID
COVID_001,COVID-19,Cote d'Ivoire,2024,0,OWID
COVID_001,COVID-19,Croatia,2020,0,OWID
COVID_001,COVID-19,Croatia,2021,0,OWID
COVID_001,COVID-19,Croatia,2022,0,OWID
COVID_001,COVID-19,Croatia,2023,2135,OWID
COVID_001,COVID-19,Croatia,2024,0,OWID
COVID_001,COVID-19,Cuba,2020,0,OWID
COVID_001,COVID-19,Cuba,2021,0,OWID
COVID_001,COVID-19,Cuba,2022,0,OWID
COVID_001,COVID-19,Cuba,2023,166,OWID
COVID_001,COVID-19,Cuba,2024,0,OWID
COVID_001,COVID-19,Curacao,2020,0,OWID
COVID_001,COVID-19,Curacao,2021,0,OWID
COVID_001,COVID-19,Curacao,2022,0,OWID
COVID_001,COVID-19,Curacao,2023,13,OWID
COVID_001,COVID-19,Curacao,2024,0,OWID
COVID_001,COVID-19,Cyprus,2020,0,OWID
COVID_001,COVID-19,Cyprus,2021,0,OWID
COVID_001,COVID-19,Cyprus,2022,0,OWID
COVID_001,COVID-19,Cyprus,2023,2602,OWID
COVID_001,COVID-19,Cyprus,2024,0,OWID
COVID_001,COVID-19,Czechia,2020,0,OWID
COVID_001,COVID-19,Czechia,2021,0,OWID
COVID_001,COVID-19,Czechia,2022,0,OWID
COVID_001,COVID-19,Czechia,2023,2728,OWID
COVID_001,COVID-19,Czechia,2024,0,OWID
COVID_001,COVID-19,Democratic Republic of Congo,2020,0,OWID
COVID_001,COVID-19,Democratic Republic of Congo,2021,0,OWID
COVID_001,COVID-19,Democratic Republic of Congo,2022,0,OWID
COVID_001,COVID-19,Democratic Republic of Congo,2023,102,OWID
COVID_001,COVID-19,Democratic Republic of Congo,2024,0,OWID
COVID_001,COVID-19,Denmark,2020,0,OWID
COVID_001,COVID-19,Denmark,2021,0,OWID
COVID_001,COVID-19,Denmark,2022,0,OWID
COVID_001,COVID-19,Denmark,2023,7754,OWID
COVID_001,COVID-19,Denmark,2024,0,OWID
COVID_001,COVID-19,Djibouti,2020,0,OWID
COVID_001,COVID-19,Djibouti,2021,0,OWID
COVID_001,COVID-19,Djibouti,2022,0,OWID
COVID_001,COVID-19,Djibouti,2023,0,OWID
COVID_001,COVID-19,Djibouti,2024,0,OWID
COVID_001,COVID-19,Dominica,2020,0,OWID
COVID_001,COVID-19,Dominica,2021,0,OWID
COVID_001,COVID-19,Dominica,2022,0,OWID
COVID_001,COVID-19,Dominica,2023,0,OWID
COVID_001,COVID-19,Dominica,2024,0,OWID
COVID_001,COVID-19,Dominican Republic,2020,0,OWID
COVID_001,COVID-19,Dominican Republic,2021,0,OWID
COVID_001,COVID-19,Dominican Republic,2022,0,OWID
COVID_001,COVID-19,Dominican Republic,2023,589,OWID
COVID_001,COVID-19,Dominican Republic,2024,0,OWID
COVID_001,COVID-19,East Timor,2020,0,OWID
COVID_001,COVID-19,East Timor,2021,0,OWID
COVID_001,COVID-19,East Timor,2022,0,OWID
COVID_001,COVID-19,East Timor,2023,9,OWID
COVID_001,COVID-19,East Timor,2024,0,OWID
COVID_001,COVID-19,Ecuador,2020,0,OWID
COVID_001,COVID-19,Ecuador,2021,0,OWID
COVID_001,COVID-19,Ecuador,2022,0,OWID
COVID_001,COVID-19,Ecuador,2023,4286,OWID
COVID_001,COVID-19,Ecuador,2024,0,OWID
COVID_001,COVID-19,Egypt,2020,0,OWID
COVID_001,COVID-19,Egypt,2021,0,OWID
COVID_001,COVID-19,Egypt,2022,0,OWID
COVID_001,COVID-19,Egypt,2023,19,OWID
COVID_001,COVID-19,Egypt,2024,0,OWID
COVID_001,COVID-19,El Salvador,2020,0,OWID
COVID_001,COVID-19,El Salvador,2021,0,OWID
COVID_001,COVID-19,El Salvador,2022,0,OWID
COVID_001,COVID-19,El Salvador,2023,0,OWID
COVID_001,COVID-19,El Salvador,2024,0,OWID
COVID_001,COVID-19,Equatorial Guinea,2020,0,OWID
COVID_001,COVID-19,Equatorial Guinea,2021,0,OWID
COVID_001,COVID-19,Equatorial Guinea,2022,0,OWID
COVID_001,COVID-19,Equatorial Guinea,2023,0,OWID
COVID_001,COVID-19,Equatorial Guinea,2024,0,OWID
COVID_001,COVID-19,Eritrea,2020,0,OWID
COVID_001,COVID-19,Eritrea,2021,0,OWID
COVID_001,COVID-19,Eritrea,2022,0,OWID
COVID_001,COVID-19,Eritrea,2023,0,OWID
COVID_001,COVID-19,Eritrea,2024,0,OWID
COVID_001,COVID-19,Estonia,2020,0,OWID
COVID_001,COVID-19,Estonia,2021,0,OWID
COVID_001,COVID-19,Estonia,2022,0,OWID
COVID_001,COVID-19,Estonia,2023,541,OWID
COVID_001,COVID-19,Estonia,2024,0,OWID
COVID_001,COVID-19,Eswatini,2020,0,OWID
COVID_001,COVID-19,Eswatini,2021,0,OWID
COVID_001,COVID-19,Eswatini,2022,0,OWID
COVID_001,COVID-19,Eswatini,2023,13,OWID
COVID_001,COVID-19,Eswatini,2024,0,OWID
COVID_001,COVID-19,Ethiopia,2020,0,OWID
COVID_001,COVID-19,Ethiopia,2021,0,OWID
COVID_001,COVID-19,Ethiopia,2022,0,OWID
COVID_001,COVID-19,Ethiopia,2023,905,OWID
COVID_001,COVID-19,Ethiopia,2024,0,OWID
COVID_001,COVID-19,Europe,2020,1,OWID
COVID_001,COVID-19,Europe,2021,0,OWID
COVID_001,COVID-19,Europe,2022,0,OWID
COVID_001,COVID-19,Europe,2023,681641,OWID
COVID_001,COVID-19,Europe,2024,0,OWID
COVID_001,COVID-19,European Union (27),2020,1,OWID
COVID_001,COVID-19,European Union (27),2021,0,OWID
COVID_001,COVID-19,European Union (27),2022,0,OWID
COVID_001,COVID-19,European Union (27),2023,581165,OWID
COVID_001,COVID-19,European Union (27),2024,0,OWID
COVID_001,COVID-19,Falkland Islands,2020,0,OWID
COVID_001,COVID-19,Falkland Islands,2021,0,OWID
COVID_001,COVID-19,Falkland Islands,2022,0,OWID
COVID_001,COVID-19,Falkland Islands,2023,0,OWID
COVID_001,COVID-19,Falkland Islands,2024,0,OWID
COVID_001,COVID-19,Faroe Islands,2020,0,OWID
COVID_001,COVID-19,Faroe Islands,2021,0,OWID
COVID_001,COVID-19,Faroe Islands,2022,0,OWID
COVID_001,COVID-19,Faroe Islands,2023,0,OWID
COVID_001,COVID-19,Faroe Islands,2024,0,OWID
COVID_001,COVID-19,Fiji,2020,0,OWID
COVID_001,COVID-19,Fiji,2021,0,OWID
COVID_001,COVID-19,Fiji,2022,0,OWID
COVID_001,COVID-19,Fiji,2023,48,OWID
COVID_001,COVID-19,Fiji,2024,0,OWID
COVID_001,COVID-19,Finland,2020,0,OWID
COVID_001,COVID-19,Finland,2021,0,OWID
COVID_001,COVID-19,Finland,2022,0,OWID
COVID_001,COVID-19,Finland,2023,1521,OWID
COVID_001,COVID-19,Finland,2024,0,OWID
COVID_001,COVID-19,France,2020,0,OWID
COVID_001,COVID-19,France,2021,0,OWID
COVID_001,COVID-19,France,2022,0,OWID
COVID_001,COVID-19,France,2023,151707,OWID
COVID_001,COVID-19,French Guiana,2020,0,OWID
COVID_001,COVID-19,French Guiana,2021,0,OWID
COVID_001,COVID-19,French Guiana,2022,0,OWID
COVID_001,COVID-19,French Guiana,2023,103,OWID
COVID_001,COVID-19,French Guiana,2024,0,OWID
COVID_001,COVID-19,French Polynesia,2020,0,OWID
COVID_001,COVID-19,French Polynesia,2021,0,OWID
COVID_001,COVID-19,French Polynesia,2022,0,OWID
COVID_001,COVID-19,French Polynesia,2023,47,OWID
COVID_001,COVID-19,French Polynesia,2024,0,OWID
COVID_001,COVID-19,Gabon,2020,0,OWID
COVID_001,COVID-19,Gabon,2021,0,OWID
COVID_001,COVID-19,Gabon,2022,0,OWID
COVID_001,COVID-19,Gabon,2023,1,OWID
COVID_001,COVID-19,Gabon,2024,0,OWID
COVID_001,COVID-19,Gambia,2020,0,OWID
COVID_001,COVID-19,Gambia,2021,0,OWID
COVID_001,COVID-19,Gambia,2022,0,OWID
COVID_001,COVID-19,Gambia,2023,0,OWID
COVID_001,COVID-19,Gambia,2024,0,OWID
COVID_001,COVID-19,Georgia,2020,0,OWID
COVID_001,COVID-19,Georgia,2021,0,OWID
COVID_001,COVID-19,Georgia,2022,0,OWID
COVID_001,COVID-19,Georgia,2023,691,OWID
COVID_001,COVID-19,Georgia,2024,0,OWID
COVID_001,COVID-19,Germany,2020,1,OWID
COVID_001,COVID-19,Germany,2021,0,OWID
COVID_001,COVID-19,Germany,2022,0,OWID
COVID_001,COVID-19,Germany,2023,151567,OWID
COVID_001,COVID-19,Ghana,2020,0,OWID
COVID_001,COVID-19,Ghana,2021,0,OWID
COVID_001,COVID-19,Ghana,2022,0,OWID
COVID_001,COVID-19,Ghana,2023,27,OWID
COVID_001,COVID-19,Ghana,2024,0,OWID
COVID_001,COVID-19,Gibraltar,2020,0,OWID
COVID_001,COVID-19,Gibraltar,2021,0,OWID
COVID_001,COVID-19,Gibraltar,2022,0,OWID
COVID_001,COVID-19,Gibraltar,2023,30,OWID
COVID_001,COVID-19,Gibraltar,2024,0,OWID
COVID_001,COVID-19,Greece,2020,0,OWID
COVID_001,COVID-19,Greece,2021,0,OWID
COVID_001,COVID-19,Greece,2022,0,OWID
COVID_001,COVID-19,Greece,2023,34711,OWID
COVID_001,COVID-19,Greece,2024,0,OWID
COVID_001,COVID-19,Greenland,2020,0,OWID
COVID_001,COVID-19,Greenland,2021,0,OWID
COVID_001,COVID-19,Greenland,2022,0,OWID
COVID_001,COVID-19,Greenland,2023,0,OWID
COVID_001,COVID-19,Greenland,2024,0,OWID
COVID_001,COVID-19,Grenada,2020,0,OWID
COVID_001,COVID-19,Grenada,2021,0,OWID
COVID_001,COVID-19,Grenada,2022,0,OWID
COVID_001,COVID-19,Grenada,2023,11,OWID
COVID_001,COVID-19,Grenada,2024,0,OWID
COVID_001,COVID-19,Guadeloupe,2020,0,OWID
COVID_001,COVID-19,Guadeloupe,2021,0,OWID
COVID_001,COVID-19,Guadeloupe,2022,0,OWID
COVID_001,COVID-19,Guadeloupe,2023,545,OWID
COVID_001,COVID-19,Guadeloupe,2024,0,OWID
COVID_001,COVID-19,Guam,2020,0,OWID
COVID_001,COVID-19,Guam,2021,0,OWID
COVID_001,COVID-19,Guam,2022,0,OWID
COVID_001,COVID-19,Guam,2023,64,OWID
COVID_001,COVID-19,Guam,2024,0,OWID
COVID_001,COVID-19,Guatemala,2020,0,OWID
COVID_001,COVID-19,Guatemala,2021,0,OWID
COVID_001,COVID-19,Guatemala,2022,0,OWID
COVID_001,COVID-19,Guatemala,2023,7736,OWID
COVID_001,COVID-19,Guatemala,2024,0,OWID
COVID_001,COVID-19,Guernsey,2020,0,OWID
COVID_001,COVID-19,Guernsey,2021,0,OWID
COVID_001,COVID-19,Guernsey,2022,0,OWID
COVID_001,COVID-19,Guernsey,2023,323,OWID
COVID_001,COVID-19,Guernsey,2024,0,OWID
COVID_001,COVID-19,Guinea,2020,0,OWID
COVID_001,COVID-19,Guinea,2021,0,OWID
COVID_001,COVID-19,Guinea,2022,0,OWID
COVID_001,COVID-19,Guinea,2023,13,OWID
COVID_001,COVID-19,Guinea,2024,0,OWID
COVID_001,COVID-19,Guinea-Bissau,2020,0,OWID
COVID_001,COVID-19,Guinea-Bissau,2021,0,OWID
COVID_001,COVID-19,Guinea-Bissau,2022,0,OWID
COVID_001,COVID-19,Guinea-Bissau,2023,0,OWID
COVID_001,COVID-19,Guinea-Bissau,2024,0,OWID
COVID_001,COVID-19,Guyana,2020,0,OWID
COVID_001,COVID-19,Guyana,2021,0,OWID
COVID_001,COVID-19,Guyana,2022,0,OWID
COVID_001,COVID-19,Guyana,2023,159,OWID
COVID_001,COVID-19,Guyana,2024,0,OWID
COVID_001,COVID-19,Haiti,2020,0,OWID
COVID_001,COVID-19,Haiti,2021,0,OWID
COVID_001,COVID-19,Haiti,2022,0,OWID
COVID_001,COVID-19,Haiti,2023,57,OWID
COVID_001,COVID-19,Haiti,2024,0,OWID
COVID_001,COVID-19,High-income countries,2020,1,OWID
COVID_001,COVID-19,High-income countries,2021,0,OWID
COVID_001,COVID-19,High-income countries,2022,0,OWID
COVID_001,COVID-19,High-income countries,2023,2635957,OWID
COVID_001,COVID-19,High-income countries,2024,0,OWID
COVID_001,COVID-19,Honduras,2020,0,OWID
COVID_001,COVID-19,Honduras,2021,0,OWID
COVID_001,COVID-19,Honduras,2022,0,OWID
COVID_001,COVID-19,Honduras,2023,2230,OWID
COVID_001,COVID-19,Honduras,2024,0,OWID
COVID_001,COVID-19,Hungary,2020,0,OWID
COVID_001,COVID-19,Hungary,2021,0,OWID
COVID_001,COVID-19,Hungary,2022,0,OWID
COVID_001,COVID-19,Hungary,2023,4397,OWID
COVID_001,COVID-19,Hungary,2024,0,OWID
COVID_001,COVID-19,Iceland,2020,0,OWID
COVID_001,COVID-19,Iceland,2021,0,OWID
COVID_001,COVID-19,Iceland,2022,0,OWID
COVID_001,COVID-19,Iceland,2023,223,OWID
COVID_001,COVID-19,Iceland,2024,0,OWID
COVID_001,COVID-19,India,2020,0,OWID
COVID_001,COVID-19,India,2021,0,OWID
COVID_001,COVID-19,India,2022,0,OWID
COVID_001,COVID-19,India,2023,1543,OWID
COVID_001,COVID-19,India,2024,0,OWID
COVID_001,COVID-19,Indonesia,2020,0,OWID
COVID_001,COVID-19,Indonesia,2021,0,OWID
COVID_001,COVID-19,Indonesia,2022,0,OWID
COVID_001,COVID-19,Indonesia,2023,4057,OWID
COVID_001,COVID-19,Indonesia,2024,0,OWID
COVID_001,COVID-19,Iran,2020,0,OWID
COVID_001,COVID-19,Iran,2021,0,OWID
COVID_001,COVID-19,Iran,2022,0,OWID
COVID_001,COVID-19,Iran,2023,409,OWID
COVID_001,COVID-19,Iran,2024,0,OWID
COVID_001,COVID-19,Iraq,2020,0,OWID
COVID_001,COVID-19,Iraq,2021,0,OWID
COVID_001,COVID-19,Iraq,2022,0,OWID
COVID_001,COVID-19,Iraq,2023,172,OWID
COVID_001,COVID-19,Iraq,2024,0,OWID
COVID_001,COVID-19,Ireland,2020,0,OWID
COVID_001,COVID-19,Ireland,2021,0,OWID
COVID_001,COVID-19,Ireland,2022,0,OWID
COVID_001,COVID-19,Ireland,2023,3004,OWID
COVID_001,COVID-19,Ireland,2024,0,OWID
COVID_001,COVID-19,Isle of Man,2020,0,OWID
COVID_001,COVID-19,Isle of Man,2021,0,OWID
COVID_001,COVID-19,Isle of Man,2022,0,OWID
COVID_001,COVID-19,Isle of Man,2023,0,OWID
COVID_001,COVID-19,Isle of Man,2024,0,OWID
COVID_001,COVID-19,Israel,2020,0,OWID
COVID_001,COVID-19,Israel,2021,0,OWID
COVID_001,COVID-19,Israel,2022,0,OWID
COVID_001,COVID-19,Israel,2023,7374,OWID
COVID_001,COVID-19,Israel,2024,0,OWID
COVID_001,COVID-19,Italy,2020,0,OWID
COVID_001,COVID-19,Italy,2021,0,OWID
COVID_001,COVID-19,Italy,2022,0,OWID
COVID_001,COVID-19,Italy,2023,132328,OWID
COVID_001,COVID-19,Italy,2024,0,OWID
COVID_001,COVID-19,Jamaica,2020,0,OWID
COVID_001,COVID-19,Jamaica,2021,0,OWID
COVID_001,COVID-19,Jamaica,2022,0,OWID
COVID_001,COVID-19,Jamaica,2023,0,OWID
COVID_001,COVID-19,Jamaica,2024,0,OWID
COVID_001,COVID-19,Japan,2020,0,OWID
COVID_001,COVID-19,Japan,2021,0,OWID
COVID_001,COVID-19,Japan,2022,0,OWID
COVID_001,COVID-19,Japan,2023,946130,OWID
COVID_001,COVID-19,Japan,2024,0,OWID
COVID_001,COVID-19,Jersey,2020,0,OWID
COVID_001,COVID-19,Jersey,2021,0,OWID
COVID_001,COVID-19,Jersey,2022,0,OWID
COVID_001,COVID-19,Jersey,2023,416,OWID
COVID_001,COVID-19,Jersey,2024,0,OWID
COVID_001,COVID-19,Jordan,2020,0,OWID
COVID_001,COVID-19,Jordan,2021,0,OWID
COVID_001,COVID-19,Jordan,2022,0,OWID
COVID_001,COVID-19,Jordan,2023,0,OWID
COVID_001,COVID-19,Jordan,2024,0,OWID
COVID_001,COVID-19,Kazakhstan,2020,0,OWID
COVID_001,COVID-19,Kazakhstan,2021,0,OWID
COVID_001,COVID-19,Kazakhstan,2022,0,OWID
COVID_001,COVID-19,Kazakhstan,2023,1513,OWID
COVID_001,COVID-19,Kazakhstan,2024,0,OWID
COVID_001,COVID-19,Kenya,2020,0,OWID
COVID_001,COVID-19,Kenya,2021,0,OWID
COVID_001,COVID-19,Kenya,2022,0,OWID
COVID_001,COVID-19,Kenya,2023,37,OWID
COVID_001,COVID-19,Kenya,2024,0,OWID
COVID_001,COVID-19,Kiribati,2020,0,OWID
COVID_001,COVID-19,Kiribati,2021,0,OWID
COVID_001,COVID-19,Kiribati,2022,0,OWID
COVID_001,COVID-19,Kiribati,2023,0,OWID
COVID_001,COVID-19,Kiribati,2024,0,OWID
COVID_001,COVID-19,Kosovo,2020,0,OWID
COVID_001,COVID-19,Kosovo,2021,0,OWID
COVID_001,COVID-19,Kosovo,2022,0,OWID
COVID_001,COVID-19,Kosovo,2023,35,OWID
COVID_001,COVID-19,Kosovo,2024,0,OWID
COVID_001,COVID-19,Kuwait,2020,0,OWID
COVID_001,COVID-19,Kuwait,2021,0,OWID
COVID_001,COVID-19,Kuwait,2022,0,OWID
COVID_001,COVID-19,Kuwait,2023,52,OWID
COVID_001,COVID-19,Kuwait,2024,0,OWID
COVID_001,COVID-19,Kyrgyzstan,2020,0,OWID
COVID_001,COVID-19,Kyrgyzstan,2021,0,OWID
COVID_001,COVID-19,Kyrgyzstan,2022,0,OWID
COVID_001,COVID-19,Kyrgyzstan,2023,12,OWID
COVID_001,COVID-19,Kyrgyzstan,2024,0,OWID
COVID_001,COVID-19,Laos,2020,0,OWID
COVID_001,COVID-19,Laos,2021,0,OWID
COVID_001,COVID-19,Laos,2022,0,OWID
COVID_001,COVID-19,Laos,2023,152,OWID
COVID_001,COVID-19,Laos,2024,0,OWID
COVID_001,COVID-19,Latvia,2020,0,OWID
COVID_001,COVID-19,Latvia,2021,0,OWID
COVID_001,COVID-19,Latvia,2022,0,OWID
COVID_001,COVID-19,Latvia,2023,1327,OWID
COVID_001,COVID-19,Latvia,2024,0,OWID
COVID_001,COVID-19,Lebanon,2020,0,OWID
COVID_001,COVID-19,Lebanon,2021,0,OWID
COVID_001,COVID-19,Lebanon,2022,0,OWID
COVID_001,COVID-19,Lebanon,2023,682,OWID
COVID_001,COVID-19,Lebanon,2024,0,OWID
COVID_001,COVID-19,Lesotho,2020,0,OWID
COVID_001,COVID-19,Lesotho,2021,0,OWID
COVID_001,COVID-19,Lesotho,2022,0,OWID
COVID_001,COVID-19,Lesotho,2023,0,OWID
COVID_001,COVID-19,Lesotho,2024,0,OWID
COVID_001,COVID-19,Liberia,2020,0,OWID
COVID_001,COVID-19,Liberia,2021,0,OWID
COVID_001,COVID-19,Liberia,2022,0,OWID
COVID_001,COVID-19,Liberia,2023,5,OWID
COVID_001,COVID-19,Liberia,2024,0,OWID
COVID_001,COVID-19,Libya,2020,0,OWID
COVID_001,COVID-19,Libya,2021,0,OWID
COVID_001,COVID-19,Libya,2022,0,OWID
COVID_001,COVID-19,Libya,2023,21,OWID
COVID_001,COVID-19,Libya,2024,0,OWID
COVID_001,COVID-19,Liechtenstein,2020,0,OWID
COVID_001,COVID-19,Liechtenstein,2021,0,OWID
COVID_001,COVID-19,Liechtenstein,2022,0,OWID
COVID_001,COVID-19,Liechtenstein,2023,23,OWID
COVID_001,COVID-19,Liechtenstein,2024,0,OWID
COVID_001,COVID-19,Lithuania,2020,0,OWID
COVID_001,COVID-19,Lithuania,2021,0,OWID
COVID_001,COVID-19,Lithuania,2022,0,OWID
COVID_001,COVID-19,Lithuania,2023,2258,OWID
COVID_001,COVID-19,Lithuania,2024,0,OWID
COVID_001,COVID-19,Low-income countries,2020,0,OWID
COVID_001,COVID-19,Low-income countries,2021,0,OWID
COVID_001,COVID-19,Low-income countries,2022,0,OWID
COVID_001,COVID-19,Low-income countries,2023,1861,OWID
COVID_001,COVID-19,Low-income countries,2024,0,OWID
COVID_001,COVID-19,Lower-middle-income countries,2020,0,OWID
COVID_001,COVID-19,Lower-middle-income countries,2021,0,OWID
COVID_001,COVID-19,Lower-middle-income countries,2022,0,OWID
COVID_001,COVID-19,Lower-middle-income countries,2023,29188,OWID
COVID_001,COVID-19,Lower-middle-income countries,2024,0,OWID
COVID_001,COVID-19,Luxembourg,2020,0,OWID
COVID_001,COVID-19,Luxembourg,2021,0,OWID
COVID_001,COVID-19,Luxembourg,2022,0,OWID
COVID_001,COVID-19,Luxembourg,2023,1373,OWID
COVID_001,COVID-19,Luxembourg,2024,0,OWID
COVID_001,COVID-19,Madagascar,2020,0,OWID
COVID_001,COVID-19,Madagascar,2021,0,OWID
COVID_001,COVID-19,Madagascar,2022,0,OWID
COVID_001,COVID-19,Madagascar,2023,15,OWID
COVID_001,COVID-19,Madagascar,2024,0,OWID
COVID_001,COVID-19,Malawi,2020,0,OWID
COVID_001,COVID-19,Malawi,2021,0,OWID
COVID_001,COVID-19,Malawi,2022,0,OWID
COVID_001,COVID-19,Malawi,2023,51,OWID
COVID_001,COVID-19,Malawi,2024,0,OWID
COVID_001,COVID-19,Malaysia,2020,0,OWID
COVID_001,COVID-19,Malaysia,2021,0,OWID
COVID_001,COVID-19,Malaysia,2022,0,OWID
COVID_001,COVID-19,Malaysia,2023,3371,OWID
COVID_001,COVID-19,Malaysia,2024,0,OWID
COVID_001,COVID-19,Maldives,2020,0,OWID
COVID_001,COVID-19,Maldives,2021,0,OWID
COVID_001,COVID-19,Maldives,2022,0,OWID
COVID_001,COVID-19,Maldives,2023,15,OWID
COVID_001,COVID-19,Maldives,2024,0,OWID
COVID_001,COVID-19,Mali,2020,0,OWID
COVID_001,COVID-19,Mali,2021,0,OWID
COVID_001,COVID-19,Mali,2022,0,OWID
COVID_001,COVID-19,Mali,2023,2,OWID
COVID_001,COVID-19,Mali,2024,0,OWID
COVID_001,COVID-19,Malta,2020,0,OWID
COVID_001,COVID-19,Malta,2021,0,OWID
COVID_001,COVID-19,Malta,2022,0,OWID
COVID_001,COVID-19,Malta,2023,167,OWID
COVID_001,COVID-19,Malta,2024,0,OWID
COVID_001,COVID-19,Marshall Islands,2020,0,OWID
COVID_001,COVID-19,Marshall Islands,2021,0,OWID
COVID_001,COVID-19,Marshall Islands,2022,0,OWID
COVID_001,COVID-19,Marshall Islands,2023,0,OWID
COVID_001,COVID-19,Marshall Islands,2024,0,OWID
COVID_001,COVID-19,Martinique,2020,0,OWID
COVID_001,COVID-19,Martinique,2021,0,OWID
COVID_001,COVID-19,Martinique,2022,0,OWID
COVID_001,COVID-19,Martinique,2023,414,OWID
COVID_001,COVID-19,Martinique,2024,0,OWID
COVID_001,COVID-19,Mauritania,2020,0,OWID
COVID_001,COVID-19,Mauritania,2021,0,OWID
COVID_001,COVID-19,Mauritania,2022,0,OWID
COVID_001,COVID-19,Mauritania,2023,1,OWID
COVID_001,COVID-19,Mauritania,2024,0,OWID
COVID_001,COVID-19,Mauritius,2020,0,OWID
COVID_001,COVID-19,Mauritius,2021,0,OWID
COVID_001,COVID-19,Mauritius,2022,0,OWID
COVID_001,COVID-19,Mauritius,2023,1090,OWID
COVID_001,COVID-19,Mauritius,2024,0,OWID
COVID_001,COVID-19,Mayotte,2020,0,OWID
COVID_001,COVID-19,Mayotte,2021,0,OWID
COVID_001,COVID-19,Mayotte,2022,0,OWID
COVID_001,COVID-19,Mayotte,2023,24,OWID
COVID_001,COVID-19,Mayotte,2024,0,OWID
COVID_001,COVID-19,Mexico,2020,0,OWID
COVID_001,COVID-19,Mexico,2021,0,OWID
COVID_001,COVID-19,Mexico,2022,0,OWID
COVID_001,COVID-19,Mexico,2023,30816,OWID
COVID_001,COVID-19,Mexico,2024,0,OWID
COVID_001,COVID-19,Micronesia (country),2020,0,OWID
COVID_001,COVID-19,Micronesia (country),2021,0,OWID
COVID_001,COVID-19,Micronesia (country),2022,0,OWID
COVID_001,COVID-19,Micronesia (country),2023,165,OWID
COVID_001,COVID-19,Micronesia (country),2024,0,OWID
COVID_001,COVID-19,Moldova,2020,0,OWID
COVID_001,COVID-19,Moldova,2021,0,OWID
COVID_001,COVID-19,Moldova,2022,0,OWID
COVID_001,COVID-19,Moldova,2023,358,OWID
COVID_001,COVID-19,Moldova,2024,0,OWID
COVID_001,COVID-19,Monaco,2020,0,OWID
COVID_001,COVID-19,Monaco,2021,0,OWID
COVID_001,COVID-19,Monaco,2022,0,OWID
COVID_001,COVID-19,Monaco,2023,37,OWID
COVID_001,COVID-19,Monaco,2024,0,OWID
COVID_001,COVID-19,Mongolia,2020,0,OWID
COVID_001,COVID-19,Mongolia,2021,0,OWID
COVID_001,COVID-19,Mongolia,2022,0,OWID
COVID_001,COVID-19,Mongolia,2023,108,OWID
COVID_001,COVID-19,Mongolia,2024,0,OWID
COVID_001,COVID-19,Montenegro,2020,0,OWID
COVID_001,COVID-19,Montenegro,2021,0,OWID
COVID_001,COVID-19,Montenegro,2022,0,OWID
COVID_001,COVID-19,Montenegro,2023,225,OWID
COVID_001,COVID-19,Montenegro,2024,0,OWID
COVID_001,COVID-19,Montserrat,2020,0,OWID
COVID_001,COVID-19,Montserrat,2021,0,OWID
COVID_001,COVID-19,Montserrat,2022,0,OWID
COVID_001,COVID-19,Montserrat,2023,0,OWID
COVID_001,COVID-19,Montserrat,2024,0,OWID
COVID_001,COVID-19,Morocco,2020,0,OWID
COVID_001,COVID-19,Morocco,2021,0,OWID
COVID_001,COVID-19,Morocco,2022,0,OWID
COVID_001,COVID-19,Morocco,2023,351,OWID
COVID_001,COVID-19,Morocco,2024,0,OWID
COVID_001,COVID-19,Mozambique,2020,0,OWID
COVID_001,COVID-19,Mozambique,2021,0,OWID
COVID_001,COVID-19,Mozambique,2022,0,OWID
COVID_001,COVID-19,Mozambique,2023,69,OWID
COVID_001,COVID-19,Mozambique,2024,0,OWID
COVID_001,COVID-19,Myanmar,2020,0,OWID
COVID_001,COVID-19,Myanmar,2021,0,OWID
COVID_001,COVID-19,Myanmar,2022,0,OWID
COVID_001,COVID-19,Myanmar,2023,73,OWID
COVID_001,COVID-19,Myanmar,2024,0,OWID
COVID_001,COVID-19,Namibia,2020,0,OWID
COVID_001,COVID-19,Namibia,2021,0,OWID
COVID_001,COVID-19,Namibia,2022,0,OWID
COVID_001,COVID-19,Namibia,2023,74,OWID
COVID_001,COVID-19,Namibia,2024,0,OWID
COVID_001,COVID-19,Nauru,2020,0,OWID
COVID_001,COVID-19,Nauru,2021,0,OWID
COVID_001,COVID-19,Nauru,2022,0,OWID
COVID_001,COVID-19,Nauru,2023,0,OWID
COVID_001,COVID-19,Nauru,2024,0,OWID
COVID_001,COVID-19,Nepal,2020,0,OWID
COVID_001,COVID-19,Nepal,2021,0,OWID
COVID_001,COVID-19,Nepal,2022,0,OWID
COVID_001,COVID-19,Nepal,2023,36,OWID
COVID_001,COVID-19,Nepal,2024,0,OWID
COVID_001,COVID-19,Netherlands,2020,0,OWID
COVID_001,COVID-19,Netherlands,2021,0,OWID
COVID_001,COVID-19,Netherlands,2022,0,OWID
COVID_001,COVID-19,Netherlands,2023,5805,OWID
COVID_001,COVID-19,Netherlands,2024,0,OWID
COVID_001,COVID-19,New Caledonia,2020,0,OWID
COVID_001,COVID-19,New Caledonia,2021,0,OWID
COVID_001,COVID-19,New Caledonia,2022,0,OWID
COVID_001,COVID-19,New Caledonia,2023,415,OWID
COVID_001,COVID-19,New Caledonia,2024,0,OWID
COVID_001,COVID-19,New Zealand,2020,0,OWID
COVID_001,COVID-19,New Zealand,2021,0,OWID
COVID_001,COVID-19,New Zealand,2022,0,OWID
COVID_001,COVID-19,New Zealand,2023,29469,OWID
COVID_001,COVID-19,New Zealand,2024,0,OWID
COVID_001,COVID-19,Nicaragua,2020,0,OWID
COVID_001,COVID-19,Nicaragua,2021,0,OWID
COVID_001,COVID-19,Nicaragua,2022,0,OWID
COVID_001,COVID-19,Nicaragua,2023,0,OWID
COVID_001,COVID-19,Nicaragua,2024,0,OWID
COVID_001,COVID-19,Niger,2020,0,OWID
COVID_001,COVID-19,Niger,2021,0,OWID
COVID_001,COVID-19,Niger,2022,0,OWID
COVID_001,COVID-19,Niger,2023,18,OWID
COVID_001,COVID-19,Niger,2024,0,OWID
COVID_001,COVID-19,Nigeria,2020,0,OWID
COVID_001,COVID-19,Nigeria,2021,0,OWID
COVID_001,COVID-19,Nigeria,2022,0,OWID
COVID_001,COVID-19,Nigeria,2023,35,OWID
COVID_001,COVID-19,Nigeria,2024,0,OWID
COVID_001,COVID-19,Niue,2020,0,OWID
COVID_001,COVID-19,Niue,2021,0,OWID
COVID_001,COVID-19,Niue,2022,0,OWID
COVID_001,COVID-19,Niue,2023,123,OWID
COVID_001,COVID-19,Niue,2024,0,OWID
COVID_001,COVID-19,North America,2020,0,OWID
COVID_001,COVID-19,North America,2021,0,OWID
COVID_001,COVID-19,North America,2022,0,OWID
COVID_001,COVID-19,North America,2023,469228,OWID
COVID_001,COVID-19,North America,2024,0,OWID
COVID_001,COVID-19,North Korea,2020,0,OWID
COVID_001,COVID-19,North Korea,2021,0,OWID
COVID_001,COVID-19,North Korea,2022,0,OWID
COVID_001,COVID-19,North Korea,2023,0,OWID
COVID_001,COVID-19,North Korea,2024,0,OWID
COVID_001,COVID-19,North Macedonia,2020,0,OWID
COVID_001,COVID-19,North Macedonia,2021,0,OWID
COVID_001,COVID-19,North Macedonia,2022,0,OWID
COVID_001,COVID-19,North Macedonia,2023,254,OWID
COVID_001,COVID-19,North Macedonia,2024,0,OWID
COVID_001,COVID-19,Northern Mariana Islands,2020,0,OWID
COVID_001,COVID-19,Northern Mariana Islands,2021,0,OWID
COVID_001,COVID-19,Northern Mariana Islands,2022,0,OWID
COVID_001,COVID-19,Northern Mariana Islands,2023,159,OWID
COVID_001,COVID-19,Northern Mariana Islands,2024,0,OWID
COVID_001,COVID-19,Norway,2020,0,OWID
COVID_001,COVID-19,Norway,2021,0,OWID
COVID_001,COVID-19,Norway,2022,0,OWID
COVID_001,COVID-19,Norway,2023,1261,OWID
COVID_001,COVID-19,Norway,2024,0,OWID
COVID_001,COVID-19,Oceania,2020,0,OWID
COVID_001,COVID-19,Oceania,2021,0,OWID
COVID_001,COVID-19,Oceania,2022,0,OWID
COVID_001,COVID-19,Oceania,2023,122234,OWID
COVID_001,COVID-19,Oceania,2024,0,OWID
COVID_001,COVID-19,Oman,2020,0,OWID
COVID_001,COVID-19,Oman,2021,0,OWID
COVID_001,COVID-19,Oman,2022,0,OWID
COVID_001,COVID-19,Oman,2023,35,OWID
COVID_001,COVID-19,Oman,2024,0,OWID
COVID_001,COVID-19,Pakistan,2020,0,OWID
COVID_001,COVID-19,Pakistan,2021,0,OWID
COVID_001,COVID-19,Pakistan,2022,0,OWID
COVID_001,COVID-19,Pakistan,2023,0,OWID
COVID_001,COVID-19,Pakistan,2024,0,OWID
COVID_001,COVID-19,Palau,2020,0,OWID
COVID_001,COVID-19,Palau,2021,0,OWID
COVID_001,COVID-19,Palau,2022,0,OWID
COVID_001,COVID-19,Palau,2023,3,OWID
COVID_001,COVID-19,Palau,2024,0,OWID
COVID_001,COVID-19,Palestine,2020,0,OWID
COVID_001,COVID-19,Palestine,2021,0,OWID
COVID_001,COVID-19,Palestine,2022,0,OWID
COVID_001,COVID-19,Palestine,2023,0,OWID
COVID_001,COVID-19,Palestine,2024,0,OWID
COVID_001,COVID-19,Panama,2020,0,OWID
COVID_001,COVID-19,Panama,2021,0,OWID
COVID_001,COVID-19,Panama,2022,0,OWID
COVID_001,COVID-19,Panama,2023,2066,OWID
COVID_001,COVID-19,Panama,2024,0,OWID
COVID_001,COVID-19,Papua New Guinea,2020,0,OWID
COVID_001,COVID-19,Papua New Guinea,2021,0,OWID
COVID_001,COVID-19,Papua New Guinea,2022,0,OWID
COVID_001,COVID-19,Papua New Guinea,2023,22,OWID
COVID_001,COVID-19,Papua New Guinea,2024,0,OWID
COVID_001,COVID-19,Paraguay,2020,0,OWID
COVID_001,COVID-19,Paraguay,2021,0,OWID
COVID_001,COVID-19,Paraguay,2022,0,OWID
COVID_001,COVID-19,Paraguay,2023,3272,OWID
COVID_001,COVID-19,Paraguay,2024,0,OWID
COVID_001,COVID-19,Peru,2020,0,OWID
COVID_001,COVID-19,Peru,2021,0,OWID
COVID_001,COVID-19,Peru,2022,0,OWID
COVID_001,COVID-19,Peru,2023,15458,OWID
COVID_001,COVID-19,Peru,2024,0,OWID
COVID_001,COVID-19,Philippines,2020,0,OWID
COVID_001,COVID-19,Philippines,2021,0,OWID
COVID_001,COVID-19,Philippines,2022,0,OWID
COVID_001,COVID-19,Philippines,2023,3290,OWID
COVID_001,COVID-19,Philippines,2024,0,OWID
COVID_001,COVID-19,Pitcairn,2020,0,OWID
COVID_001,COVID-19,Pitcairn,2021,0,OWID
COVID_001,COVID-19,Pitcairn,2022,0,OWID
COVID_001,COVID-19,Pitcairn,2023,0,OWID
COVID_001,COVID-19,Pitcairn,2024,0,OWID
COVID_001,COVID-19,Poland,2020,0,OWID
COVID_001,COVID-19,Poland,2021,0,OWID
COVID_001,COVID-19,Poland,2022,0,OWID
COVID_001,COVID-19,Poland,2023,3160,OWID
COVID_001,COVID-19,Poland,2024,0,OWID
COVID_001,COVID-19,Portugal,2020,0,OWID
COVID_001,COVID-19,Portugal,2021,0,OWID
COVID_001,COVID-19,Portugal,2022,0,OWID
COVID_001,COVID-19,Portugal,2023,2401,OWID
COVID_001,COVID-19,Portugal,2024,0,OWID
COVID_001,COVID-19,Puerto Rico,2020,0,OWID
COVID_001,COVID-19,Puerto Rico,2021,0,OWID
COVID_001,COVID-19,Puerto Rico,2022,0,OWID
COVID_001,COVID-19,Puerto Rico,2023,10107,OWID
COVID_001,COVID-19,Puerto Rico,2024,0,OWID
COVID_001,COVID-19,Qatar,2020,0,OWID
COVID_001,COVID-19,Qatar,2021,0,OWID
COVID_001,COVID-19,Qatar,2022,0,OWID
COVID_001,COVID-19,Qatar,2023,1441,OWID
COVID_001,COVID-19,Qatar,2024,0,OWID
COVID_001,COVID-19,Reunion,2020,0,OWID
COVID_001,COVID-19,Reunion,2021,0,OWID
COVID_001,COVID-19,Reunion,2022,0,OWID
COVID_001,COVID-19,Reunion,2023,1849,OWID
COVID_001,COVID-19,Reunion,2024,0,OWID
COVID_001,COVID-19,Romania,2020,0,OWID
COVID_001,COVID-19,Romania,2021,0,OWID
COVID_001,COVID-19,Romania,2022,0,OWID
COVID_001,COVID-19,Romania,2023,3432,OWID
COVID_001,COVID-19,Romania,2024,0,OWID
COVID_001,COVID-19,Russia,2020,0,OWID
COVID_001,COVID-19,Russia,2021,0,OWID
COVID_001,COVID-19,Russia,2022,0,OWID
COVID_001,COVID-19,Russia,2023,39255,OWID
COVID_001,COVID-19,Russia,2024,0,OWID
COVID_001,COVID-19,Rwanda,2020,0,OWID
COVID_001,COVID-19,Rwanda,2021,0,OWID
COVID_001,COVID-19,Rwanda,2022,0,OWID
COVID_001,COVID-19,Rwanda,2023,59,OWID
COVID_001,COVID-19,Rwanda,2024,0,OWID
COVID_001,COVID-19,Saint Barthelemy,2020,0,OWID
COVID_001,COVID-19,Saint Barthelemy,2021,0,OWID
COVID_001,COVID-19,Saint Barthelemy,2022,0,OWID
COVID_001,COVID-19,Saint Barthelemy,2023,6,OWID
COVID_001,COVID-19,Saint Barthelemy,2024,0,OWID
COVID_001,COVID-19,Saint Helena,2020,0,OWID
COVID_001,COVID-19,Saint Helena,2021,0,OWID
COVID_001,COVID-19,Saint Helena,2022,0,OWID
COVID_001,COVID-19,Saint Helena,2023,0,OWID
COVID_001,COVID-19,Saint Helena,2024,0,OWID
COVID_001,COVID-19,Saint Kitts and Nevis,2020,0,OWID
COVID_001,COVID-19,Saint Kitts and Nevis,2021,0,OWID
COVID_001,COVID-19,Saint Kitts and Nevis,2022,0,OWID
COVID_001,COVID-19,Saint Kitts and Nevis,2023,0,OWID
COVID_001,COVID-19,Saint Kitts and Nevis,2024,0,OWID
COVID_001,COVID-19,Saint Lucia,2020,0,OWID
COVID_001,COVID-19,Saint Lucia,2021,0,OWID
COVID_001,COVID-19,Saint Lucia,2022,0,OWID
COVID_001,COVID-19,Saint Lucia,2023,11,OWID
COVID_001,COVID-19,Saint Lucia,2024,0,OWID
COVID_001,COVID-19,Saint Martin (French part),2020,0,OWID
COVID_001,COVID-19,Saint Martin (French part),2021,0,OWID
COVID_001,COVID-19,Saint Martin (French part),2022,0,OWID
COVID_001,COVID-19,Saint Martin (French part),2023,26,OWID
COVID_001,COVID-19,Saint Martin (French part),2024,0,OWID
COVID_001,COVID-19,Saint Pierre and Miquelon,2020,0,OWID
COVID_001,COVID-19,Saint Pierre and Miquelon,2021,0,OWID
COVID_001,COVID-19,Saint Pierre and Miquelon,2022,0,OWID
COVID_001,COVID-19,Saint Pierre and Miquelon,2023,19,OWID
COVID_001,COVID-19,Saint Pierre and Miquelon,2024,0,OWID
COVID_001,COVID-19,Saint Vincent and the Grenadines,2020,0,OWID
COVID_001,COVID-19,Saint Vincent and the Grenadines,2021,0,OWID
COVID_001,COVID-19,Saint Vincent and the Grenadines,2022,0,OWID
COVID_001,COVID-19,Saint Vincent and the Grenadines,2023,17,OWID
COVID_001,COVID-19,Saint Vincent and the Grenadines,2024,0,OWID
COVID_001,COVID-19,Samoa,2020,0,OWID
COVID_001,COVID-19,Samoa,2021,0,OWID
COVID_001,COVID-19,Samoa,2022,0,OWID
COVID_001,COVID-19,Samoa,2023,9,OWID
COVID_001,COVID-19,Samoa,2024,0,OWID
COVID_001,COVID-19,San Marino,2020,0,OWID
COVID_001,COVID-19,San Marino,2021,0,OWID
COVID_001,COVID-19,San Marino,2022,0,OWID
COVID_001,COVID-19,San Marino,2023,170,OWID
COVID_001,COVID-19,San Marino,2024,0,OWID
COVID_001,COVID-19,Sao Tome and Principe,2020,0,OWID
COVID_001,COVID-19,Sao Tome and Principe,2021,0,OWID
COVID_001,COVID-19,Sao Tome and Principe,2022,0,OWID
COVID_001,COVID-19,Sao Tome and Principe,2023,0,OWID
COVID_001,COVID-19,Sao Tome and Principe,2024,0,OWID
COVID_001,COVID-19,Saudi Arabia,2020,0,OWID
COVID_001,COVID-19,Saudi Arabia,2021,0,OWID
COVID_001,COVID-19,Saudi Arabia,2022,0,OWID
COVID_001,COVID-19,Saudi Arabia,2023,238,OWID
COVID_001,COVID-19,Saudi Arabia,2024,0,OWID
COVID_001,COVID-19,Senegal,2020,0,OWID
COVID_001,COVID-19,Senegal,2021,0,OWID
COVID_001,COVID-19,Senegal,2022,0,OWID
COVID_001,COVID-19,Senegal,2023,0,OWID
COVID_001,COVID-19,Senegal,2024,0,OWID
COVID_001,COVID-19,Serbia,2020,0,OWID
COVID_001,COVID-19,Serbia,2021,0,OWID
COVID_001,COVID-19,Serbia,2022,0,OWID
COVID_001,COVID-19,Serbia,2023,6523,OWID
COVID_001,COVID-19,Serbia,2024,0,OWID
COVID_001,COVID-19,Seychelles,2020,0,OWID
COVID_001,COVID-19,Seychelles,2021,0,OWID
COVID_001,COVID-19,Seychelles,2022,0,OWID
COVID_001,COVID-19,Seychelles,2023,310,OWID
COVID_001,COVID-19,Seychelles,2024,0,OWID
COVID_001,COVID-19,Sierra Leone,2020,0,OWID
COVID_001,COVID-19,Sierra Leone,2021,0,OWID
COVID_001,COVID-19,Sierra Leone,2022,0,OWID
COVID_001,COVID-19,Sierra Leone,2023,0,OWID
COVID_001,COVID-19,Sierra Leone,2024,0,OWID
COVID_001,COVID-19,Singapore,2020,0,OWID
COVID_001,COVID-19,Singapore,2021,0,OWID
COVID_001,COVID-19,Singapore,2022,0,OWID
COVID_001,COVID-19,Singapore,2023,8324,OWID
COVID_001,COVID-19,Singapore,2024,0,OWID
COVID_001,COVID-19,Sint Maarten (Dutch part),2020,0,OWID
COVID_001,COVID-19,Sint Maarten (Dutch part),2021,0,OWID
COVID_001,COVID-19,Sint Maarten (Dutch part),2022,0,OWID
COVID_001,COVID-19,Sint Maarten (Dutch part),2023,4,OWID
COVID_001,COVID-19,Sint Maarten (Dutch part),2024,0,OWID
COVID_001,COVID-19,Slovakia,2020,0,OWID
COVID_001,COVID-19,Slovakia,2021,0,OWID
COVID_001,COVID-19,Slovakia,2022,0,OWID
COVID_001,COVID-19,Slovakia,2023,549,OWID
COVID_001,COVID-19,Slovakia,2024,0,OWID
COVID_001,COVID-19,Slovenia,2020,0,OWID
COVID_001,COVID-19,Slovenia,2021,0,OWID
COVID_001,COVID-19,Slovenia,2022,0,OWID
COVID_001,COVID-19,Slovenia,2023,7698,OWID
COVID_001,COVID-19,Slovenia,2024,0,OWID
COVID_001,COVID-19,Solomon Islands,2020,0,OWID
COVID_001,COVID-19,Solomon Islands,2021,0,OWID
COVID_001,COVID-19,Solomon Islands,2022,0,OWID
COVID_001,COVID-19,Solomon Islands,2023,0,OWID
COVID_001,COVID-19,Solomon Islands,2024,0,OWID
COVID_001,COVID-19,Somalia,2020,0,OWID
COVID_001,COVID-19,Somalia,2021,0,OWID
COVID_001,COVID-19,Somalia,2022,0,OWID
COVID_001,COVID-19,Somalia,2023,10,OWID
COVID_001,COVID-19,Somalia,2024,0,OWID
COVID_001,COVID-19,South Africa,2020,0,OWID
COVID_001,COVID-19,South Africa,2021,0,OWID
COVID_001,COVID-19,South Africa,2022,0,OWID
COVID_001,COVID-19,South Africa,2023,348,OWID
COVID_001,COVID-19,South Africa,2024,0,OWID
COVID_001,COVID-19,South America,2020,0,OWID
COVID_001,COVID-19,South America,2021,0,OWID
COVID_001,COVID-19,South America,2022,0,OWID
COVID_001,COVID-19,South America,2023,364052,OWID
COVID_001,COVID-19,South America,2024,0,OWID
COVID_001,COVID-19,South Korea,2020,0,OWID
COVID_001,COVID-19,South Korea,2021,0,OWID
COVID_001,COVID-19,South Korea,2022,0,OWID
COVID_001,COVID-19,South Korea,2023,457745,OWID
COVID_001,COVID-19,South Korea,2024,0,OWID
COVID_001,COVID-19,South Sudan,2020,0,OWID
COVID_001,COVID-19,South Sudan,2021,0,OWID
COVID_001,COVID-19,South Sudan,2022,0,OWID
COVID_001,COVID-19,South Sudan,2023,0,OWID
COVID_001,COVID-19,South Sudan,2024,0,OWID
COVID_001,COVID-19,Spain,2020,0,OWID
COVID_001,COVID-19,Spain,2021,0,OWID
COVID_001,COVID-19,Spain,2022,0,OWID
COVID_001,COVID-19,Spain,2023,14823,OWID
COVID_001,COVID-19,Sri Lanka,2020,0,OWID
COVID_001,COVID-19,Sri Lanka,2021,0,OWID
COVID_001,COVID-19,Sri Lanka,2022,0,OWID
COVID_001,COVID-19,Sri Lanka,2023,40,OWID
COVID_001,COVID-19,Sri Lanka,2024,0,OWID
COVID_001,COVID-19,Sudan,2020,0,OWID
COVID_001,COVID-19,Sudan,2021,0,OWID
COVID_001,COVID-19,Sudan,2022,0,OWID
COVID_001,COVID-19,Sudan,2023,12,OWID
COVID_001,COVID-19,Sudan,2024,0,OWID
COVID_001,COVID-19,Suriname,2020,0,OWID
COVID_001,COVID-19,Suriname,2021,0,OWID
COVID_001,COVID-19,Suriname,2022,0,OWID
COVID_001,COVID-19,Suriname,2023,0,OWID
COVID_001,COVID-19,Suriname,2024,0,OWID
COVID_001,COVID-19,Sweden,2020,0,OWID
COVID_001,COVID-19,Sweden,2021,0,OWID
COVID_001,COVID-19,Sweden,2022,0,OWID
COVID_001,COVID-19,Sweden,2023,9197,OWID
COVID_001,COVID-19,Sweden,2024,0,OWID
COVID_001,COVID-19,Switzerland,2020,0,OWID
COVID_001,COVID-19,Switzerland,2021,0,OWID
COVID_001,COVID-19,Switzerland,2022,0,OWID
COVID_001,COVID-19,Switzerland,2023,5948,OWID
COVID_001,COVID-19,Switzerland,2024,0,OWID
COVID_001,COVID-19,Syria,2020,0,OWID
COVID_001,COVID-19,Syria,2021,0,OWID
COVID_001,COVID-19,Syria,2022,0,OWID
COVID_001,COVID-19,Syria,2023,0,OWID
COVID_001,COVID-19,Syria,2024,0,OWID
COVID_001,COVID-19,Tajikistan,2020,0,OWID
COVID_001,COVID-19,Tajikistan,2021,0,OWID
COVID_001,COVID-19,Tajikistan,2022,0,OWID
COVID_001,COVID-19,Tajikistan,2023,0,OWID
COVID_001,COVID-19,Tajikistan,2024,0,OWID
COVID_001,COVID-19,Tanzania,2020,0,OWID
COVID_001,COVID-19,Tanzania,2021,0,OWID
COVID_001,COVID-19,Tanzania,2022,0,OWID
COVID_001,COVID-19,Tanzania,2023,45,OWID
COVID_001,COVID-19,Tanzania,2024,0,OWID
COVID_001,COVID-19,Thailand,2020,0,OWID
COVID_001,COVID-19,Thailand,2021,0,OWID
COVID_001,COVID-19,Thailand,2022,0,OWID
COVID_001,COVID-19,Thailand,2023,2111,OWID
COVID_001,COVID-19,Thailand,2024,0,OWID
COVID_001,COVID-19,Togo,2020,0,OWID
COVID_001,COVID-19,Togo,2021,0,OWID
COVID_001,COVID-19,Togo,2022,0,OWID
COVID_001,COVID-19,Togo,2023,3,OWID
COVID_001,COVID-19,Togo,2024,0,OWID
COVID_001,COVID-19,Tokelau,2020,0,OWID
COVID_001,COVID-19,Tokelau,2021,0,OWID
COVID_001,COVID-19,Tokelau,2022,0,OWID
COVID_001,COVID-19,Tokelau,2023,0,OWID
COVID_001,COVID-19,Tokelau,2024,0,OWID
COVID_001,COVID-19,Tonga,2020,0,OWID
COVID_001,COVID-19,Tonga,2021,0,OWID
COVID_001,COVID-19,Tonga,2022,0,OWID
COVID_001,COVID-19,Tonga,2023,75,OWID
COVID_001,COVID-19,Tonga,2024,0,OWID
COVID_001,COVID-19,Trinidad and Tobago,2020,0,OWID
COVID_001,COVID-19,Trinidad and Tobago,2021,0,OWID
COVID_001,COVID-19,Trinidad and Tobago,2022,0,OWID
COVID_001,COVID-19,Trinidad and Tobago,2023,151,OWID
COVID_001,COVID-19,Trinidad and Tobago,2024,0,OWID
COVID_001,COVID-19,Tunisia,2020,0,OWID
COVID_001,COVID-19,Tunisia,2021,0,OWID
COVID_001,COVID-19,Tunisia,2022,0,OWID
COVID_001,COVID-19,Tunisia,2023,94,OWID
COVID_001,COVID-19,Tunisia,2024,0,OWID
COVID_001,COVID-19,Turkey,2020,0,OWID
COVID_001,COVID-19,Turkey,2021,0,OWID
COVID_001,COVID-19,Turkey,2022,0,OWID
COVID_001,COVID-19,Turkey,2023,0,OWID
COVID_001,COVID-19,Turkey,2024,0,OWID
COVID_001,COVID-19,Turkmenistan,2020,0,OWID
COVID_001,COVID-19,Turkmenistan,2021,0,OWID
COVID_001,COVID-19,Turkmenistan,2022,0,OWID
COVID_001,COVID-19,Turkmenistan,2023,0,OWID
COVID_001,COVID-19,Turkmenistan,2024,0,OWID
COVID_001,COVID-19,Turks and Caicos Islands,2020,0,OWID
COVID_001,COVID-19,Turks and Caicos Islands,2021,0,OWID
COVID_001,COVID-19,Turks and Caicos Islands,2022,0,OWID
COVID_001,COVID-19,Turks and Caicos Islands,2023,0,OWID
COVID_001,COVID-19,Turks and Caicos Islands,2024,0,OWID
COVID_001,COVID-19,Tuvalu,2020,0,OWID
COVID_001,COVID-19,Tuvalu,2021,0,OWID
COVID_001,COVID-19,Tuvalu,2022,0,OWID
COVID_001,COVID-19,Tuvalu,2023,0,OWID
COVID_001,COVID-19,Tuvalu,2024,0,OWID
COVID_001,COVID-19,Uganda,2020,0,OWID
COVID_001,COVID-19,Uganda,2021,0,OWID
COVID_001,COVID-19,Uganda,2022,0,OWID
COVID_001,COVID-19,Uganda,2023,224,OWID
COVID_001,COVID-19,Uganda,2024,0,OWID
COVID_001,COVID-19,Ukraine,2020,0,OWID
COVID_001,COVID-19,Ukraine,2021,0,OWID
COVID_001,COVID-19,Ukraine,2022,0,OWID
COVID_001,COVID-19,Ukraine,2023,3411,OWID
COVID_001,COVID-19,Ukraine,2024,0,OWID
COVID_001,COVID-19,United Arab Emirates,2020,0,OWID
COVID_001,COVID-19,United Arab Emirates,2021,0,OWID
COVID_001,COVID-19,United Arab Emirates,2022,0,OWID
COVID_001,COVID-19,United Arab Emirates,2023,459,OWID
COVID_001,COVID-19,United Arab Emirates,2024,0,OWID
COVID_001,COVID-19,United Kingdom,2020,0,OWID
COVID_001,COVID-19,United Kingdom,2021,0,OWID
COVID_001,COVID-19,United Kingdom,2022,0,OWID
COVID_001,COVID-19,United Kingdom,2023,41644,OWID
COVID_001,COVID-19,United Kingdom,2024,0,OWID
COVID_001,COVID-19,United States,2020,0,OWID
COVID_001,COVID-19,United States,2021,0,OWID
COVID_001,COVID-19,United States,2022,0,OWID
COVID_001,COVID-19,United States,2023,392203,OWID
COVID_001,COVID-19,United States Virgin Islands,2020,0,OWID
COVID_001,COVID-19,United States Virgin Islands,2021,0,OWID
COVID_001,COVID-19,United States Virgin Islands,2022,0,OWID
COVID_001,COVID-19,United States Virgin Islands,2023,47,OWID
COVID_001,COVID-19,United States Virgin Islands,2024,0,OWID
COVID_001,COVID-19,Upper-middle-income countries,2020,1,OWID
COVID_001,COVID-19,Upper-middle-income countries,2021,0,OWID
COVID_001,COVID-19,Upper-middle-income countries,2022,0,OWID
COVID_001,COVID-19,Upper-middle-income countries,2023,25061799,OWID
COVID_001,COVID-19,Upper-middle-income countries,2024,0,OWID
COVID_001,COVID-19,Uruguay,2020,0,OWID
COVID_001,COVID-19,Uruguay,2021,0,OWID
COVID_001,COVID-19,Uruguay,2022,0,OWID
COVID_001,COVID-19,Uruguay,2023,8173,OWID
COVID_001,COVID-19,Uruguay,2024,0,OWID
COVID_001,COVID-19,Uzbekistan,2020,0,OWID
COVID_001,COVID-19,Uzbekistan,2021,0,OWID
COVID_001,COVID-19,Uzbekistan,2022,0,OWID
COVID_001,COVID-19,Uzbekistan,2023,0,OWID
COVID_001,COVID-19,Uzbekistan,2024,0,OWID
COVID_001,COVID-19,Vanuatu,2020,0,OWID
COVID_001,COVID-19,Vanuatu,2021,0,OWID
COVID_001,COVID-19,Vanuatu,2022,0,OWID
COVID_001,COVID-19,Vanuatu,2023,1,OWID
COVID_001,COVID-19,Vanuatu,2024,0,OWID
COVID_001,COVID-19,Vatican,2020,0,OWID
COVID_001,COVID-19,Vatican,2021,0,OWID
COVID_001,COVID-19,Vatican,2022,0,OWID
COVID_001,COVID-19,Vatican,2023,0,OWID
COVID_001,COVID-19,Vatican,2024,0,OWID
COVID_001,COVID-19,Venezuela,2020,0,OWID
COVID_001,COVID-19,Venezuela,2021,0,OWID
COVID_001,COVID-19,Venezuela,2022,0,OWID
COVID_001,COVID-19,Venezuela,2023,678,OWID
COVID_001,COVID-19,Venezuela,2024,0,OWID
COVID_001,COVID-19,Vietnam,2020,0,OWID
COVID_001,COVID-19,Vietnam,2021,0,OWID
COVID_001,COVID-19,Vietnam,2022,0,OWID
COVID_001,COVID-19,Vietnam,2023,1029,OWID
COVID_001,COVID-19,Vietnam,2024,0,OWID
COVID_001,COVID-19,Wallis and Futuna,2020,0,OWID
COVID_001,COVID-19,Wallis and Futuna,2021,0,OWID
COVID_001,COVID-19,Wallis and Futuna,2022,0,OWID
COVID_001,COVID-19,Wallis and Futuna,2023,12,OWID
COVID_001,COVID-19,Wallis and Futuna,2024,0,OWID
COVID_001,COVID-19,World,2020,2,OWID
COVID_001,COVID-19,World,2021,0,OWID
COVID_001,COVID-19,World,2022,0,OWID
COVID_001,COVID-19,World,2023,27732700,OWID
COVID_001,COVID-19,World,2024,0,OWID
COVID_001,COVID-19,Yemen,2020,0,OWID
COVID_001,COVID-19,Yemen,2021,0,OWID
COVID_001,COVID-19,Yemen,2022,0,OWID
COVID_001,COVID-19,Yemen,2023,0,OWID
COVID_001,COVID-19,Yemen,2024,0,OWID
COVID_001,COVID-19,Zambia,2020,0,OWID
COVID_001,COVID-19,Zambia,2021,0,OWID
COVID_001,COVID-19,Zambia,2022,0,OWID
COVID_001,COVID-19,Zambia,2023,512,OWID
COVID_001,COVID-19,Zambia,2024,0,OWID
COVID_001,COVID-19,Zimbabwe,2020,0,OWID
COVID_001,COVID-19,Zimbabwe,2021,0,OWID
COVID_001,COVID-19,Zimbabwe,2022,0,OWID
COVID_001,COVID-19,Zimbabwe,2023,202,OWID
COVID_001,COVID-19,Zimbabwe,2024,0,OWID
