Entity,Code,Year,Total deaths from cardiovascular diseases among both sexes,_disease_name,_scraped_at
Afghanistan,AFG,2021,64374.38,cardiovascular_disease_death_rate,2026-06-15T20:43:10.573995
Africa,OWID_AFR,2021,1701207.6,cardiovascular_disease_death_rate,2026-06-15T20:43:10.574005
Albania,ALB,2021,15050.28,cardiovascular_disease_death_rate,2026-06-15T20:43:10.574016
Algeria,DZA,2021,92984.32,cardiovascular_disease_death_rate,2026-06-15T20:43:10.574025
Andorra,AND,2021,123.94,cardiovascular_disease_death_rate,2026-06-15T20:43:10.574034
Angola,AGO,2021,39425.12,cardiovascular_disease_death_rate,2026-06-15T20:43:10.574043
Antigua and Barbuda,ATG,2021,148.63,cardiovascular_disease_death_rate,2026-06-15T20:43:10.574052
Argentina,ARG,2021,112590.75,cardiovascular_disease_death_rate,2026-06-15T20:43:10.574065
Armenia,ARM,2021,16332.25,cardiovascular_disease_death_rate,2026-06-15T20:43:10.574074
Asia,OWID_ASI,2021,11852772,cardiovascular_disease_death_rate,2026-06-15T20:43:10.574083
Australia,AUS,2021,43493.19,cardiovascular_disease_death_rate,2026-06-15T20:43:10.574092
Austria,AUT,2021,31898.63,cardiovascular_disease_death_rate,2026-06-15T20:43:10.574101
Azerbaijan,AZE,2021,22705.34,cardiovascular_disease_death_rate,2026-06-15T20:43:10.574110
Bahamas,BHS,2021,919.15,cardiovascular_disease_death_rate,2026-06-15T20:43:10.574118
Bahrain,BHR,2021,1699.16,cardiovascular_disease_death_rate,2026-06-15T20:43:10.574127
Bangladesh,BGD,2021,282646.94,cardiovascular_disease_death_rate,2026-06-15T20:43:10.574136
Barbados,BRB,2021,702.82,cardiovascular_disease_death_rate,2026-06-15T20:43:10.574145
Belarus,BLR,2021,72406.08,cardiovascular_disease_death_rate,2026-06-15T20:43:10.574155
Belgium,BEL,2021,25489.82,cardiovascular_disease_death_rate,2026-06-15T20:43:10.574164
Belize,BLZ,2021,385.38,cardiovascular_disease_death_rate,2026-06-15T20:43:10.574172
Benin,BEN,2021,14040.21,cardiovascular_disease_death_rate,2026-06-15T20:43:10.574182
Bhutan,BTN,2021,1054.4,cardiovascular_disease_death_rate,2026-06-15T20:43:10.574191
Bolivia,BOL,2021,12764.27,cardiovascular_disease_death_rate,2026-06-15T20:43:10.574200
Bosnia and Herzegovina,BIH,2021,19446.81,cardiovascular_disease_death_rate,2026-06-15T20:43:10.574209
Botswana,BWA,2021,2672.39,cardiovascular_disease_death_rate,2026-06-15T20:43:10.574217
Brazil,BRA,2021,389462.75,cardiovascular_disease_death_rate,2026-06-15T20:43:10.574226
Brunei,BRN,2021,548.82,cardiovascular_disease_death_rate,2026-06-15T20:43:10.574235
Bulgaria,BGR,2021,87289.17,cardiovascular_disease_death_rate,2026-06-15T20:43:10.574243
Burkina Faso,BFA,2021,21824.71,cardiovascular_disease_death_rate,2026-06-15T20:43:10.574252
Burundi,BDI,2021,11486.05,cardiovascular_disease_death_rate,2026-06-15T20:43:10.574261
Cambodia,KHM,2021,33847.15,cardiovascular_disease_death_rate,2026-06-15T20:43:10.574270
Cameroon,CMR,2021,30292.94,cardiovascular_disease_death_rate,2026-06-15T20:43:10.574278
Canada,CAN,2021,75034.14,cardiovascular_disease_death_rate,2026-06-15T20:43:10.574287
Cape Verde,CPV,2021,1195.42,cardiovascular_disease_death_rate,2026-06-15T20:43:10.574296
Central African Republic,CAF,2021,6844.72,cardiovascular_disease_death_rate,2026-06-15T20:43:10.574305
Chad,TCD,2021,14567.23,cardiovascular_disease_death_rate,2026-06-15T20:43:10.574313
Chile,CHL,2021,34069.99,cardiovascular_disease_death_rate,2026-06-15T20:43:10.574322
China,CHN,2021,5022440.5,cardiovascular_disease_death_rate,2026-06-15T20:43:10.574330
Colombia,COL,2021,96190.58,cardiovascular_disease_death_rate,2026-06-15T20:43:10.574339
Comoros,COM,2021,1032.48,cardiovascular_disease_death_rate,2026-06-15T20:43:10.574348
Congo,COG,2021,6518.07,cardiovascular_disease_death_rate,2026-06-15T20:43:10.574357
Cook Islands,COK,2021,45.72,cardiovascular_disease_death_rate,2026-06-15T20:43:10.574366
Costa Rica,CRI,2021,6196.64,cardiovascular_disease_death_rate,2026-06-15T20:43:10.574374
Cote d'Ivoire,CIV,2021,27404.97,cardiovascular_disease_death_rate,2026-06-15T20:43:10.574383
Croatia,HRV,2021,23071.79,cardiovascular_disease_death_rate,2026-06-15T20:43:10.574392
Cuba,CUB,2021,49799.41,cardiovascular_disease_death_rate,2026-06-15T20:43:10.574400
Cyprus,CYP,2021,2138.02,cardiovascular_disease_death_rate,2026-06-15T20:43:10.574419
Czechia,CZE,2021,47881.61,cardiovascular_disease_death_rate,2026-06-15T20:43:10.574428
Democratic Republic of Congo,COD,2021,115891.06,cardiovascular_disease_death_rate,2026-06-15T20:43:10.574437
Denmark,DNK,2021,12700.45,cardiovascular_disease_death_rate,2026-06-15T20:43:10.574446
Djibouti,DJI,2021,1691.04,cardiovascular_disease_death_rate,2026-06-15T20:43:10.574455
Dominica,DMA,2021,180.51,cardiovascular_disease_death_rate,2026-06-15T20:43:10.574464
Dominican Republic,DOM,2021,20811.65,cardiovascular_disease_death_rate,2026-06-15T20:43:10.574473
East Timor,TLS,2021,2423.48,cardiovascular_disease_death_rate,2026-06-15T20:43:10.574481
Ecuador,ECU,2021,31041.93,cardiovascular_disease_death_rate,2026-06-15T20:43:10.574490
Egypt,EGY,2021,254566.45,cardiovascular_disease_death_rate,2026-06-15T20:43:10.574499
El Salvador,SLV,2021,9000.61,cardiovascular_disease_death_rate,2026-06-15T20:43:10.574508
Equatorial Guinea,GNQ,2021,1716.03,cardiovascular_disease_death_rate,2026-06-15T20:43:10.574517
Eritrea,ERI,2021,6433.03,cardiovascular_disease_death_rate,2026-06-15T20:43:10.574526
Estonia,EST,2021,8407.79,cardiovascular_disease_death_rate,2026-06-15T20:43:10.574535
Eswatini,SWZ,2021,2010.93,cardiovascular_disease_death_rate,2026-06-15T20:43:10.574543
Ethiopia,ETH,2021,81512.99,cardiovascular_disease_death_rate,2026-06-15T20:43:10.574552
Europe,OWID_EUR,2021,3409456.5,cardiovascular_disease_death_rate,2026-06-15T20:43:10.574561
Fiji,FJI,2021,2513.84,cardiovascular_disease_death_rate,2026-06-15T20:43:10.574570
Finland,FIN,2021,22002.69,cardiovascular_disease_death_rate,2026-06-15T20:43:10.574579
France,FRA,2021,149713.97,cardiovascular_disease_death_rate,2026-06-15T20:43:10.574587
Gabon,GAB,2021,2647.23,cardiovascular_disease_death_rate,2026-06-15T20:43:10.574596
Gambia,GMB,2021,2889.7,cardiovascular_disease_death_rate,2026-06-15T20:43:10.574605
Georgia,GEO,2021,25704.44,cardiovascular_disease_death_rate,2026-06-15T20:43:10.574613
Germany,DEU,2021,352982.88,cardiovascular_disease_death_rate,2026-06-15T20:43:10.574622
Ghana,GHA,2021,44803.15,cardiovascular_disease_death_rate,2026-06-15T20:43:10.574631
Greece,GRC,2021,49069.8,cardiovascular_disease_death_rate,2026-06-15T20:43:10.574640
Grenada,GRD,2021,313.8,cardiovascular_disease_death_rate,2026-06-15T20:43:10.574648
Guatemala,GTM,2021,13860.44,cardiovascular_disease_death_rate,2026-06-15T20:43:10.574657
Guinea,GIN,2021,17330.33,cardiovascular_disease_death_rate,2026-06-15T20:43:10.574666
Guinea-Bissau,GNB,2021,2551,cardiovascular_disease_death_rate,2026-06-15T20:43:10.574675
Guyana,GUY,2021,1712.97,cardiovascular_disease_death_rate,2026-06-15T20:43:10.574683
Haiti,HTI,2021,28119.91,cardiovascular_disease_death_rate,2026-06-15T20:43:10.574692
Honduras,HND,2021,12617.13,cardiovascular_disease_death_rate,2026-06-15T20:43:10.574701
Hungary,HUN,2021,65010.38,cardiovascular_disease_death_rate,2026-06-15T20:43:10.574709
Iceland,ISL,2021,688.9,cardiovascular_disease_death_rate,2026-06-15T20:43:10.574718
India,IND,2021,2862255,cardiovascular_disease_death_rate,2026-06-15T20:43:10.574727
Indonesia,IDN,2021,721453.9,cardiovascular_disease_death_rate,2026-06-15T20:43:10.574757
Iran,IRN,2021,137297.56,cardiovascular_disease_death_rate,2026-06-15T20:43:10.574766
Iraq,IRQ,2021,66706.52,cardiovascular_disease_death_rate,2026-06-15T20:43:10.574775
Ireland,IRL,2021,8608.33,cardiovascular_disease_death_rate,2026-06-15T20:43:10.574784
Israel,ISR,2021,11632.39,cardiovascular_disease_death_rate,2026-06-15T20:43:10.574793
Italy,ITA,2021,210894.05,cardiovascular_disease_death_rate,2026-06-15T20:43:10.574803
Jamaica,JAM,2021,7397.36,cardiovascular_disease_death_rate,2026-06-15T20:43:10.574812
Japan,JPN,2021,412809.44,cardiovascular_disease_death_rate,2026-06-15T20:43:10.574821
Jordan,JOR,2021,7768.02,cardiovascular_disease_death_rate,2026-06-15T20:43:10.574830
Kazakhstan,KAZ,2021,59265.14,cardiovascular_disease_death_rate,2026-06-15T20:43:10.574841
Kenya,KEN,2021,34973.45,cardiovascular_disease_death_rate,2026-06-15T20:43:10.574851
Kiribati,KIR,2021,318.79,cardiovascular_disease_death_rate,2026-06-15T20:43:10.574861
Kuwait,KWT,2021,3981.6,cardiovascular_disease_death_rate,2026-06-15T20:43:10.574870
Kyrgyzstan,KGZ,2021,11020.46,cardiovascular_disease_death_rate,2026-06-15T20:43:10.574879
Laos,LAO,2021,14151.43,cardiovascular_disease_death_rate,2026-06-15T20:43:10.574889
Latvia,LVA,2021,18055.71,cardiovascular_disease_death_rate,2026-06-15T20:43:10.574898
Lebanon,LBN,2021,8775.6,cardiovascular_disease_death_rate,2026-06-15T20:43:10.574909
Lesotho,LSO,2021,5393.02,cardiovascular_disease_death_rate,2026-06-15T20:43:10.574918
Liberia,LBR,2021,5917.76,cardiovascular_disease_death_rate,2026-06-15T20:43:10.574928
Libya,LBY,2021,12072.95,cardiovascular_disease_death_rate,2026-06-15T20:43:10.574939
Lithuania,LTU,2021,24921.1,cardiovascular_disease_death_rate,2026-06-15T20:43:10.574948
Luxembourg,LUX,2021,1054.65,cardiovascular_disease_death_rate,2026-06-15T20:43:10.574957
Madagascar,MDG,2021,45048.85,cardiovascular_disease_death_rate,2026-06-15T20:43:10.574966
Malawi,MWI,2021,20606.29,cardiovascular_disease_death_rate,2026-06-15T20:43:10.574976
Malaysia,MYS,2021,73870.72,cardiovascular_disease_death_rate,2026-06-15T20:43:10.574985
Maldives,MDV,2021,1363.33,cardiovascular_disease_death_rate,2026-06-15T20:43:10.574994
Mali,MLI,2021,15822.95,cardiovascular_disease_death_rate,2026-06-15T20:43:10.575008
Malta,MLT,2021,1295.31,cardiovascular_disease_death_rate,2026-06-15T20:43:10.575021
Marshall Islands,MHL,2021,125.91,cardiovascular_disease_death_rate,2026-06-15T20:43:10.575036
Mauritania,MRT,2021,4870.15,cardiovascular_disease_death_rate,2026-06-15T20:43:10.575045
Mauritius,MUS,2021,4174.53,cardiovascular_disease_death_rate,2026-06-15T20:43:10.575056
Mexico,MEX,2021,221237.53,cardiovascular_disease_death_rate,2026-06-15T20:43:10.575065
Micronesia (country),FSM,2021,394.15,cardiovascular_disease_death_rate,2026-06-15T20:43:10.575073
Moldova,MDA,2021,22603.9,cardiovascular_disease_death_rate,2026-06-15T20:43:10.575083
Monaco,MCO,2021,368.33,cardiovascular_disease_death_rate,2026-06-15T20:43:10.575092
Mongolia,MNG,2021,7233.7,cardiovascular_disease_death_rate,2026-06-15T20:43:10.575101
Montenegro,MNE,2021,3349.46,cardiovascular_disease_death_rate,2026-06-15T20:43:10.575110
Morocco,MAR,2021,112976.02,cardiovascular_disease_death_rate,2026-06-15T20:43:10.575119
Mozambique,MOZ,2021,38991.83,cardiovascular_disease_death_rate,2026-06-15T20:43:10.575130
Myanmar,MMR,2021,117208.36,cardiovascular_disease_death_rate,2026-06-15T20:43:10.575140
Namibia,NAM,2021,2984.13,cardiovascular_disease_death_rate,2026-06-15T20:43:10.575151
Nauru,NRU,2021,38.76,cardiovascular_disease_death_rate,2026-06-15T20:43:10.575159
Nepal,NPL,2021,43713.96,cardiovascular_disease_death_rate,2026-06-15T20:43:10.575169
Netherlands,NLD,2021,36311.02,cardiovascular_disease_death_rate,2026-06-15T20:43:10.575177
New Zealand,NZL,2021,9689.32,cardiovascular_disease_death_rate,2026-06-15T20:43:10.575187
Nicaragua,NIC,2021,5707.02,cardiovascular_disease_death_rate,2026-06-15T20:43:10.575197
Niger,NER,2021,21144.23,cardiovascular_disease_death_rate,2026-06-15T20:43:10.575207
Nigeria,NGA,2021,179915.88,cardiovascular_disease_death_rate,2026-06-15T20:43:10.575219
Niue,NIU,2021,12.09,cardiovascular_disease_death_rate,2026-06-15T20:43:10.575226
North America,OWID_NAM,2021,1384256.8,cardiovascular_disease_death_rate,2026-06-15T20:43:10.575235
North Korea,PRK,2021,104901.73,cardiovascular_disease_death_rate,2026-06-15T20:43:10.575243
North Macedonia,MKD,2021,9786.18,cardiovascular_disease_death_rate,2026-06-15T20:43:10.575272
Norway,NOR,2021,10438.79,cardiovascular_disease_death_rate,2026-06-15T20:43:10.575282
Oceania,OWID_OCE,2021,72258.67,cardiovascular_disease_death_rate,2026-06-15T20:43:10.575292
Oman,OMN,2021,4573.29,cardiovascular_disease_death_rate,2026-06-15T20:43:10.575303
Pakistan,PAK,2021,398541.34,cardiovascular_disease_death_rate,2026-06-15T20:43:10.575313
Palau,PLW,2021,73.95,cardiovascular_disease_death_rate,2026-06-15T20:43:10.575323
Panama,PAN,2021,6535.12,cardiovascular_disease_death_rate,2026-06-15T20:43:10.575333
Papua New Guinea,PNG,2021,12006.39,cardiovascular_disease_death_rate,2026-06-15T20:43:10.575343
Paraguay,PRY,2021,9892.7,cardiovascular_disease_death_rate,2026-06-15T20:43:10.575352
Peru,PER,2021,28864.6,cardiovascular_disease_death_rate,2026-06-15T20:43:10.575361
Philippines,PHL,2021,335717.62,cardiovascular_disease_death_rate,2026-06-15T20:43:10.575371
Poland,POL,2021,192507.7,cardiovascular_disease_death_rate,2026-06-15T20:43:10.575381
Portugal,PRT,2021,31753.92,cardiovascular_disease_death_rate,2026-06-15T20:43:10.575391
Qatar,QAT,2021,1191.5,cardiovascular_disease_death_rate,2026-06-15T20:43:10.575401
Romania,ROU,2021,144629.6,cardiovascular_disease_death_rate,2026-06-15T20:43:10.575411
Russia,RUS,2021,903199.56,cardiovascular_disease_death_rate,2026-06-15T20:43:10.575420
Rwanda,RWA,2021,13545.47,cardiovascular_disease_death_rate,2026-06-15T20:43:10.575431
Saint Kitts and Nevis,KNA,2021,132.72,cardiovascular_disease_death_rate,2026-06-15T20:43:10.575443
Saint Lucia,LCA,2021,353.9,cardiovascular_disease_death_rate,2026-06-15T20:43:10.575452
Saint Vincent and the Grenadines,VCT,2021,379.92,cardiovascular_disease_death_rate,2026-06-15T20:43:10.575462
Samoa,WSM,2021,517,cardiovascular_disease_death_rate,2026-06-15T20:43:10.575470
San Marino,SMR,2021,67.62,cardiovascular_disease_death_rate,2026-06-15T20:43:10.575480
Sao Tome and Principe,STP,2021,259.5,cardiovascular_disease_death_rate,2026-06-15T20:43:10.575489
Saudi Arabia,SAU,2021,26215.26,cardiovascular_disease_death_rate,2026-06-15T20:43:10.575500
Senegal,SEN,2021,18661.52,cardiovascular_disease_death_rate,2026-06-15T20:43:10.575511
Serbia,SRB,2021,60433.81,cardiovascular_disease_death_rate,2026-06-15T20:43:10.575520
Seychelles,SYC,2021,223.51,cardiovascular_disease_death_rate,2026-06-15T20:43:10.575530
Sierra Leone,SLE,2021,12299.73,cardiovascular_disease_death_rate,2026-06-15T20:43:10.575544
Singapore,SGP,2021,9689.93,cardiovascular_disease_death_rate,2026-06-15T20:43:10.575553
Slovakia,SVK,2021,27147.89,cardiovascular_disease_death_rate,2026-06-15T20:43:10.575562
Slovenia,SVN,2021,7120.27,cardiovascular_disease_death_rate,2026-06-15T20:43:10.575572
Solomon Islands,SLB,2021,1933.82,cardiovascular_disease_death_rate,2026-06-15T20:43:10.575580
Somalia,SOM,2021,17869.76,cardiovascular_disease_death_rate,2026-06-15T20:43:10.575589
South Africa,ZAF,2021,95363.84,cardiovascular_disease_death_rate,2026-06-15T20:43:10.575599
South America,OWID_SAM,2021,791366.4,cardiovascular_disease_death_rate,2026-06-15T20:43:10.575610
South Korea,KOR,2021,70171.14,cardiovascular_disease_death_rate,2026-06-15T20:43:10.575620
South Sudan,SSD,2021,10060.79,cardiovascular_disease_death_rate,2026-06-15T20:43:10.575629
Spain,ESP,2021,118317.74,cardiovascular_disease_death_rate,2026-06-15T20:43:10.575639
Sri Lanka,LKA,2021,49289.23,cardiovascular_disease_death_rate,2026-06-15T20:43:10.575647
Sudan,SDN,2021,66975.75,cardiovascular_disease_death_rate,2026-06-15T20:43:10.575656
Suriname,SUR,2021,1006.27,cardiovascular_disease_death_rate,2026-06-15T20:43:10.575667
Sweden,SWE,2021,27802.4,cardiovascular_disease_death_rate,2026-06-15T20:43:10.575677
Switzerland,CHE,2021,20381.29,cardiovascular_disease_death_rate,2026-06-15T20:43:10.575688
Syria,SYR,2021,47244.22,cardiovascular_disease_death_rate,2026-06-15T20:43:10.575697
Tajikistan,TJK,2021,14344.24,cardiovascular_disease_death_rate,2026-06-15T20:43:10.575707
Tanzania,TZA,2021,54985.88,cardiovascular_disease_death_rate,2026-06-15T20:43:10.575716
Thailand,THA,2021,143709.69,cardiovascular_disease_death_rate,2026-06-15T20:43:10.575724
Togo,TGO,2021,12037.32,cardiovascular_disease_death_rate,2026-06-15T20:43:10.575738
Tonga,TON,2021,187.51,cardiovascular_disease_death_rate,2026-06-15T20:43:10.575748
Trinidad and Tobago,TTO,2021,3538.58,cardiovascular_disease_death_rate,2026-06-15T20:43:10.575758
Tunisia,TUN,2021,29895.95,cardiovascular_disease_death_rate,2026-06-15T20:43:10.575768
Turkey,TUR,2021,161438.81,cardiovascular_disease_death_rate,2026-06-15T20:43:10.575778
Turkmenistan,TKM,2021,17471.61,cardiovascular_disease_death_rate,2026-06-15T20:43:10.575788
Tuvalu,TUV,2021,39.62,cardiovascular_disease_death_rate,2026-06-15T20:43:10.575798
Uganda,UGA,2021,21802.69,cardiovascular_disease_death_rate,2026-06-15T20:43:10.575808
Ukraine,UKR,2021,392836.2,cardiovascular_disease_death_rate,2026-06-15T20:43:10.575817
United Arab Emirates,ARE,2021,4432.9,cardiovascular_disease_death_rate,2026-06-15T20:43:10.575827
United Kingdom,GBR,2021,150198.78,cardiovascular_disease_death_rate,2026-06-15T20:43:10.575836
United States,USA,2021,920884.3,cardiovascular_disease_death_rate,2026-06-15T20:43:10.575848
Uruguay,URY,2021,9120.22,cardiovascular_disease_death_rate,2026-06-15T20:43:10.575858
Uzbekistan,UZB,2021,102164.47,cardiovascular_disease_death_rate,2026-06-15T20:43:10.575867
Vanuatu,VUT,2021,868.61,cardiovascular_disease_death_rate,2026-06-15T20:43:10.575877
Venezuela,VEN,2021,64649.36,cardiovascular_disease_death_rate,2026-06-15T20:43:10.575886
Vietnam,VNM,2021,275877.25,cardiovascular_disease_death_rate,2026-06-15T20:43:10.575896
World,OWID_WRL,2021,19211318,cardiovascular_disease_death_rate,2026-06-15T20:43:10.575904
Yemen,YEM,2021,51514.51,cardiovascular_disease_death_rate,2026-06-15T20:43:10.575914
Zambia,ZMB,2021,14751.13,cardiovascular_disease_death_rate,2026-06-15T20:43:10.575923
Zimbabwe,ZWE,2021,23251.2,cardiovascular_disease_death_rate,2026-06-15T20:43:10.575933
Afghanistan,AFG,2024,,diabetes_prevalence,2026-06-15T20:43:11.676280
Albania,ALB,2024,,diabetes_prevalence,2026-06-15T20:43:11.676282
Algeria,DZA,2024,,diabetes_prevalence,2026-06-15T20:43:11.676283
Andorra,AND,2024,,diabetes_prevalence,2026-06-15T20:43:11.676284
Angola,AGO,2024,,diabetes_prevalence,2026-06-15T20:43:11.676284
Antigua and Barbuda,ATG,2024,,diabetes_prevalence,2026-06-15T20:43:11.676285
Argentina,ARG,2024,,diabetes_prevalence,2026-06-15T20:43:11.676286
Armenia,ARM,2024,,diabetes_prevalence,2026-06-15T20:43:11.676287
Aruba,ABW,2024,,diabetes_prevalence,2026-06-15T20:43:11.676288
Australia,AUS,2024,,diabetes_prevalence,2026-06-15T20:43:11.676290
Austria,AUT,2024,,diabetes_prevalence,2026-06-15T20:43:11.676291
Azerbaijan,AZE,2024,,diabetes_prevalence,2026-06-15T20:43:11.676292
Bahamas,BHS,2024,,diabetes_prevalence,2026-06-15T20:43:11.676293
Bahrain,BHR,2024,,diabetes_prevalence,2026-06-15T20:43:11.676294
Bangladesh,BGD,2024,,diabetes_prevalence,2026-06-15T20:43:11.676295
Barbados,BRB,2024,,diabetes_prevalence,2026-06-15T20:43:11.676296
Belarus,BLR,2024,,diabetes_prevalence,2026-06-15T20:43:11.676297
Belgium,BEL,2024,,diabetes_prevalence,2026-06-15T20:43:11.676298
Belize,BLZ,2024,,diabetes_prevalence,2026-06-15T20:43:11.676299
Benin,BEN,2024,,diabetes_prevalence,2026-06-15T20:43:11.676299
Bermuda,BMU,2024,,diabetes_prevalence,2026-06-15T20:43:11.676301
Bhutan,BTN,2024,,diabetes_prevalence,2026-06-15T20:43:11.676301
Bolivia,BOL,2024,,diabetes_prevalence,2026-06-15T20:43:11.676302
Bosnia and Herzegovina,BIH,2024,,diabetes_prevalence,2026-06-15T20:43:11.676303
Botswana,BWA,2024,,diabetes_prevalence,2026-06-15T20:43:11.676304
Brazil,BRA,2024,,diabetes_prevalence,2026-06-15T20:43:11.676305
Brunei,BRN,2024,,diabetes_prevalence,2026-06-15T20:43:11.676306
Bulgaria,BGR,2024,,diabetes_prevalence,2026-06-15T20:43:11.676306
Burkina Faso,BFA,2024,,diabetes_prevalence,2026-06-15T20:43:11.676307
Burundi,BDI,2024,,diabetes_prevalence,2026-06-15T20:43:11.676308
Cambodia,KHM,2024,,diabetes_prevalence,2026-06-15T20:43:11.676309
Cameroon,CMR,2024,,diabetes_prevalence,2026-06-15T20:43:11.676310
Canada,CAN,2024,,diabetes_prevalence,2026-06-15T20:43:11.676311
Cape Verde,CPV,2024,,diabetes_prevalence,2026-06-15T20:43:11.676312
Cayman Islands,CYM,2024,,diabetes_prevalence,2026-06-15T20:43:11.676314
Central African Republic,CAF,2024,,diabetes_prevalence,2026-06-15T20:43:11.676315
Chad,TCD,2024,,diabetes_prevalence,2026-06-15T20:43:11.676316
Chile,CHL,2024,,diabetes_prevalence,2026-06-15T20:43:11.676316
China,CHN,2024,,diabetes_prevalence,2026-06-15T20:43:11.676317
Colombia,COL,2024,,diabetes_prevalence,2026-06-15T20:43:11.676318
Comoros,COM,2024,,diabetes_prevalence,2026-06-15T20:43:11.676319
Congo,COG,2024,,diabetes_prevalence,2026-06-15T20:43:11.676320
Costa Rica,CRI,2024,,diabetes_prevalence,2026-06-15T20:43:11.676324
Cote d'Ivoire,CIV,2024,,diabetes_prevalence,2026-06-15T20:43:11.676325
Croatia,HRV,2024,,diabetes_prevalence,2026-06-15T20:43:11.676326
Cuba,CUB,2024,,diabetes_prevalence,2026-06-15T20:43:11.676327
Curacao,CUW,2024,,diabetes_prevalence,2026-06-15T20:43:11.676327
Cyprus,CYP,2024,,diabetes_prevalence,2026-06-15T20:43:11.676328
Czechia,CZE,2024,,diabetes_prevalence,2026-06-15T20:43:11.676329
Democratic Republic of Congo,COD,2024,,diabetes_prevalence,2026-06-15T20:43:11.676330
Denmark,DNK,2024,,diabetes_prevalence,2026-06-15T20:43:11.676331
Djibouti,DJI,2024,,diabetes_prevalence,2026-06-15T20:43:11.676334
Dominica,DMA,2024,,diabetes_prevalence,2026-06-15T20:43:11.676334
Dominican Republic,DOM,2024,,diabetes_prevalence,2026-06-15T20:43:11.676335
East Asia and Pacific (WB),WB_EAP,2024,,diabetes_prevalence,2026-06-15T20:43:11.676336
East Timor,TLS,2024,,diabetes_prevalence,2026-06-15T20:43:11.676337
Ecuador,ECU,2024,,diabetes_prevalence,2026-06-15T20:43:11.676338
Egypt,EGY,2024,,diabetes_prevalence,2026-06-15T20:43:11.676339
El Salvador,SLV,2024,,diabetes_prevalence,2026-06-15T20:43:11.676339
Equatorial Guinea,GNQ,2024,,diabetes_prevalence,2026-06-15T20:43:11.676340
Eritrea,ERI,2024,,diabetes_prevalence,2026-06-15T20:43:11.676341
Estonia,EST,2024,,diabetes_prevalence,2026-06-15T20:43:11.676343
Eswatini,SWZ,2024,,diabetes_prevalence,2026-06-15T20:43:11.676343
Ethiopia,ETH,2024,,diabetes_prevalence,2026-06-15T20:43:11.676344
Europe and Central Asia (WB),WB_ECA,2024,,diabetes_prevalence,2026-06-15T20:43:11.676345
European Union (27),OWID_EU27,2024,,diabetes_prevalence,2026-06-15T20:43:11.676346
Faroe Islands,FRO,2024,,diabetes_prevalence,2026-06-15T20:43:11.676346
Fiji,FJI,2024,,diabetes_prevalence,2026-06-15T20:43:11.676347
Finland,FIN,2024,,diabetes_prevalence,2026-06-15T20:43:11.676348
France,FRA,2024,,diabetes_prevalence,2026-06-15T20:43:11.676349
French Polynesia,PYF,2024,,diabetes_prevalence,2026-06-15T20:43:11.676350
Gabon,GAB,2024,,diabetes_prevalence,2026-06-15T20:43:11.676351
Gambia,GMB,2024,,diabetes_prevalence,2026-06-15T20:43:11.676352
Georgia,GEO,2024,,diabetes_prevalence,2026-06-15T20:43:11.676353
Germany,DEU,2024,,diabetes_prevalence,2026-06-15T20:43:11.676354
Ghana,GHA,2024,,diabetes_prevalence,2026-06-15T20:43:11.676355
Greece,GRC,2024,,diabetes_prevalence,2026-06-15T20:43:11.676356
Greenland,GRL,2024,,diabetes_prevalence,2026-06-15T20:43:11.676356
Grenada,GRD,2024,,diabetes_prevalence,2026-06-15T20:43:11.676357
Guam,GUM,2024,,diabetes_prevalence,2026-06-15T20:43:11.676358
Guatemala,GTM,2024,,diabetes_prevalence,2026-06-15T20:43:11.676359
Guinea,GIN,2024,,diabetes_prevalence,2026-06-15T20:43:11.676361
Guinea-Bissau,GNB,2024,,diabetes_prevalence,2026-06-15T20:43:11.676362
Guyana,GUY,2024,,diabetes_prevalence,2026-06-15T20:43:11.676362
Haiti,HTI,2024,,diabetes_prevalence,2026-06-15T20:43:11.676363
High-income countries,OWID_HIC,2024,,diabetes_prevalence,2026-06-15T20:43:11.676364
Honduras,HND,2024,,diabetes_prevalence,2026-06-15T20:43:11.676365
Hong Kong,HKG,2024,,diabetes_prevalence,2026-06-15T20:43:11.676366
Hungary,HUN,2024,,diabetes_prevalence,2026-06-15T20:43:11.676367
Iceland,ISL,2024,,diabetes_prevalence,2026-06-15T20:43:11.676368
India,IND,2024,,diabetes_prevalence,2026-06-15T20:43:11.676370
Indonesia,IDN,2024,,diabetes_prevalence,2026-06-15T20:43:11.676370
Iran,IRN,2024,,diabetes_prevalence,2026-06-15T20:43:11.676371
Iraq,IRQ,2024,,diabetes_prevalence,2026-06-15T20:43:11.676372
Ireland,IRL,2024,,diabetes_prevalence,2026-06-15T20:43:11.676373
Isle of Man,IMN,2024,,diabetes_prevalence,2026-06-15T20:43:11.676373
Israel,ISR,2024,,diabetes_prevalence,2026-06-15T20:43:11.676374
Italy,ITA,2024,,diabetes_prevalence,2026-06-15T20:43:11.676375
Jamaica,JAM,2024,,diabetes_prevalence,2026-06-15T20:43:11.676389
Japan,JPN,2024,,diabetes_prevalence,2026-06-15T20:43:11.676390
Jordan,JOR,2024,,diabetes_prevalence,2026-06-15T20:43:11.676391
Kazakhstan,KAZ,2024,,diabetes_prevalence,2026-06-15T20:43:11.676393
Kenya,KEN,2024,,diabetes_prevalence,2026-06-15T20:43:11.676394
Kiribati,KIR,2024,,diabetes_prevalence,2026-06-15T20:43:11.676395
Kosovo,OWID_KOS,2024,,diabetes_prevalence,2026-06-15T20:43:11.676395
Kuwait,KWT,2024,,diabetes_prevalence,2026-06-15T20:43:11.676396
Kyrgyzstan,KGZ,2024,,diabetes_prevalence,2026-06-15T20:43:11.676397
Laos,LAO,2024,,diabetes_prevalence,2026-06-15T20:43:11.676397
Latin America and Caribbean (WB),WB_LAC,2024,,diabetes_prevalence,2026-06-15T20:43:11.676398
Latvia,LVA,2024,,diabetes_prevalence,2026-06-15T20:43:11.676406
Lebanon,LBN,2024,,diabetes_prevalence,2026-06-15T20:43:11.676408
Lesotho,LSO,2024,,diabetes_prevalence,2026-06-15T20:43:11.676410
Liberia,LBR,2024,,diabetes_prevalence,2026-06-15T20:43:11.676411
Libya,LBY,2024,,diabetes_prevalence,2026-06-15T20:43:11.676412
Liechtenstein,LIE,2024,,diabetes_prevalence,2026-06-15T20:43:11.676412
Lithuania,LTU,2024,,diabetes_prevalence,2026-06-15T20:43:11.676413
Low-income countries,OWID_LIC,2024,,diabetes_prevalence,2026-06-15T20:43:11.676414
Lower-middle-income countries,OWID_LMC,2024,,diabetes_prevalence,2026-06-15T20:43:11.676415
Luxembourg,LUX,2024,,diabetes_prevalence,2026-06-15T20:43:11.676416
Macao,MAC,2024,,diabetes_prevalence,2026-06-15T20:43:11.676417
Madagascar,MDG,2024,,diabetes_prevalence,2026-06-15T20:43:11.676418
Malawi,MWI,2024,,diabetes_prevalence,2026-06-15T20:43:11.676419
Malaysia,MYS,2024,,diabetes_prevalence,2026-06-15T20:43:11.676420
Maldives,MDV,2024,,diabetes_prevalence,2026-06-15T20:43:11.676422
Mali,MLI,2024,,diabetes_prevalence,2026-06-15T20:43:11.676423
Malta,MLT,2024,,diabetes_prevalence,2026-06-15T20:43:11.676424
Marshall Islands,MHL,2024,,diabetes_prevalence,2026-06-15T20:43:11.676424
Mauritania,MRT,2024,,diabetes_prevalence,2026-06-15T20:43:11.676425
Mauritius,MUS,2024,,diabetes_prevalence,2026-06-15T20:43:11.676426
Mexico,MEX,2024,,diabetes_prevalence,2026-06-15T20:43:11.676429
Micronesia (country),FSM,2024,,diabetes_prevalence,2026-06-15T20:43:11.676429
"Middle East, North Africa, Afghanistan and Pakistan (WB)",WB_MENAP,2024,,diabetes_prevalence,2026-06-15T20:43:11.676430
Moldova,MDA,2024,,diabetes_prevalence,2026-06-15T20:43:11.676431
Monaco,MCO,2024,,diabetes_prevalence,2026-06-15T20:43:11.676432
Mongolia,MNG,2024,,diabetes_prevalence,2026-06-15T20:43:11.676433
Montenegro,MNE,2024,,diabetes_prevalence,2026-06-15T20:43:11.676434
Morocco,MAR,2024,,diabetes_prevalence,2026-06-15T20:43:11.676435
Mozambique,MOZ,2024,,diabetes_prevalence,2026-06-15T20:43:11.676435
Myanmar,MMR,2024,,diabetes_prevalence,2026-06-15T20:43:11.676436
Namibia,NAM,2024,,diabetes_prevalence,2026-06-15T20:43:11.676438
Nauru,NRU,2024,,diabetes_prevalence,2026-06-15T20:43:11.676439
Nepal,NPL,2024,,diabetes_prevalence,2026-06-15T20:43:11.676440
Netherlands,NLD,2024,,diabetes_prevalence,2026-06-15T20:43:11.676441
New Caledonia,NCL,2024,,diabetes_prevalence,2026-06-15T20:43:11.676441
New Zealand,NZL,2024,,diabetes_prevalence,2026-06-15T20:43:11.676442
Nicaragua,NIC,2024,,diabetes_prevalence,2026-06-15T20:43:11.676443
Niger,NER,2024,,diabetes_prevalence,2026-06-15T20:43:11.676444
Nigeria,NGA,2024,,diabetes_prevalence,2026-06-15T20:43:11.676445
North America (WB),WB_NA,2024,,diabetes_prevalence,2026-06-15T20:43:11.676446
North Korea,PRK,2024,,diabetes_prevalence,2026-06-15T20:43:11.676448
North Macedonia,MKD,2024,,diabetes_prevalence,2026-06-15T20:43:11.676448
Norway,NOR,2024,,diabetes_prevalence,2026-06-15T20:43:11.676449
Oman,OMN,2024,,diabetes_prevalence,2026-06-15T20:43:11.676450
Pakistan,PAK,2024,,diabetes_prevalence,2026-06-15T20:43:11.676451
Palau,PLW,2024,,diabetes_prevalence,2026-06-15T20:43:11.676452
Palestine,PSE,2024,,diabetes_prevalence,2026-06-15T20:43:11.676453
Panama,PAN,2024,,diabetes_prevalence,2026-06-15T20:43:11.676454
Papua New Guinea,PNG,2024,,diabetes_prevalence,2026-06-15T20:43:11.676455
Paraguay,PRY,2024,,diabetes_prevalence,2026-06-15T20:43:11.676457
Peru,PER,2024,,diabetes_prevalence,2026-06-15T20:43:11.676458
Philippines,PHL,2024,,diabetes_prevalence,2026-06-15T20:43:11.676459
Poland,POL,2024,,diabetes_prevalence,2026-06-15T20:43:11.676460
Portugal,PRT,2024,,diabetes_prevalence,2026-06-15T20:43:11.676460
Puerto Rico,PRI,2024,,diabetes_prevalence,2026-06-15T20:43:11.676461
Qatar,QAT,2024,,diabetes_prevalence,2026-06-15T20:43:11.676462
Romania,ROU,2024,,diabetes_prevalence,2026-06-15T20:43:11.676463
Russia,RUS,2024,,diabetes_prevalence,2026-06-15T20:43:11.676464
Rwanda,RWA,2024,,diabetes_prevalence,2026-06-15T20:43:11.676465
Saint Kitts and Nevis,KNA,2024,,diabetes_prevalence,2026-06-15T20:43:11.676467
Saint Lucia,LCA,2024,,diabetes_prevalence,2026-06-15T20:43:11.676467
Saint Vincent and the Grenadines,VCT,2024,,diabetes_prevalence,2026-06-15T20:43:11.676468
Samoa,WSM,2024,,diabetes_prevalence,2026-06-15T20:43:11.676469
San Marino,SMR,2024,,diabetes_prevalence,2026-06-15T20:43:11.676470
Sao Tome and Principe,STP,2024,,diabetes_prevalence,2026-06-15T20:43:11.676471
Saudi Arabia,SAU,2024,,diabetes_prevalence,2026-06-15T20:43:11.676472
Senegal,SEN,2024,,diabetes_prevalence,2026-06-15T20:43:11.676472
Serbia,SRB,2024,,diabetes_prevalence,2026-06-15T20:43:11.676473
Seychelles,SYC,2024,,diabetes_prevalence,2026-06-15T20:43:11.676475
Sierra Leone,SLE,2024,,diabetes_prevalence,2026-06-15T20:43:11.676476
Singapore,SGP,2024,,diabetes_prevalence,2026-06-15T20:43:11.676477
Slovakia,SVK,2024,,diabetes_prevalence,2026-06-15T20:43:11.676478
Slovenia,SVN,2024,,diabetes_prevalence,2026-06-15T20:43:11.676478
Solomon Islands,SLB,2024,,diabetes_prevalence,2026-06-15T20:43:11.676479
Somalia,SOM,2024,,diabetes_prevalence,2026-06-15T20:43:11.676480
South Africa,ZAF,2024,,diabetes_prevalence,2026-06-15T20:43:11.676481
South Asia (WB),WB_SA,2024,,diabetes_prevalence,2026-06-15T20:43:11.676482
South Korea,KOR,2024,,diabetes_prevalence,2026-06-15T20:43:11.676484
South Sudan,SSD,2024,,diabetes_prevalence,2026-06-15T20:43:11.676484
Spain,ESP,2024,,diabetes_prevalence,2026-06-15T20:43:11.676485
Sri Lanka,LKA,2024,,diabetes_prevalence,2026-06-15T20:43:11.676486
Sub-Saharan Africa (WB),WB_SSA,2024,,diabetes_prevalence,2026-06-15T20:43:11.676487
Sudan,SDN,2024,,diabetes_prevalence,2026-06-15T20:43:11.676487
Suriname,SUR,2024,,diabetes_prevalence,2026-06-15T20:43:11.676488
Sweden,SWE,2024,,diabetes_prevalence,2026-06-15T20:43:11.676489
Switzerland,CHE,2024,,diabetes_prevalence,2026-06-15T20:43:11.676490
Syria,SYR,2024,,diabetes_prevalence,2026-06-15T20:43:11.676491
Tajikistan,TJK,2024,,diabetes_prevalence,2026-06-15T20:43:11.676492
Tanzania,TZA,2024,,diabetes_prevalence,2026-06-15T20:43:11.676493
Thailand,THA,2024,,diabetes_prevalence,2026-06-15T20:43:11.676493
Togo,TGO,2024,,diabetes_prevalence,2026-06-15T20:43:11.676494
Tonga,TON,2024,,diabetes_prevalence,2026-06-15T20:43:11.676495
Trinidad and Tobago,TTO,2024,,diabetes_prevalence,2026-06-15T20:43:11.676497
Tunisia,TUN,2024,,diabetes_prevalence,2026-06-15T20:43:11.676498
Turkey,TUR,2024,,diabetes_prevalence,2026-06-15T20:43:11.676498
Turkmenistan,TKM,2024,,diabetes_prevalence,2026-06-15T20:43:11.676499
Tuvalu,TUV,2024,,diabetes_prevalence,2026-06-15T20:43:11.676500
Uganda,UGA,2024,,diabetes_prevalence,2026-06-15T20:43:11.676501
Ukraine,UKR,2024,,diabetes_prevalence,2026-06-15T20:43:11.676502
United Arab Emirates,ARE,2024,,diabetes_prevalence,2026-06-15T20:43:11.676502
United Kingdom,GBR,2024,,diabetes_prevalence,2026-06-15T20:43:11.676503
United States,USA,2024,,diabetes_prevalence,2026-06-15T20:43:11.676504
United States Virgin Islands,VIR,2024,,diabetes_prevalence,2026-06-15T20:43:11.676505
Upper-middle-income countries,OWID_UMC,2024,,diabetes_prevalence,2026-06-15T20:43:11.676506
Uruguay,URY,2024,,diabetes_prevalence,2026-06-15T20:43:11.676506
Uzbekistan,UZB,2024,,diabetes_prevalence,2026-06-15T20:43:11.676507
Vanuatu,VUT,2024,,diabetes_prevalence,2026-06-15T20:43:11.676508
Venezuela,VEN,2024,,diabetes_prevalence,2026-06-15T20:43:11.676509
Vietnam,VNM,2024,,diabetes_prevalence,2026-06-15T20:43:11.676510
World,OWID_WRL,2024,,diabetes_prevalence,2026-06-15T20:43:11.676510
Yemen,YEM,2024,,diabetes_prevalence,2026-06-15T20:43:11.676511
Zambia,ZMB,2024,,diabetes_prevalence,2026-06-15T20:43:11.676512
Zimbabwe,ZWE,2024,,diabetes_prevalence,2026-06-15T20:43:11.676513
Afghanistan,AFG,2021,,child_mortality,2026-06-15T20:43:29.924785
Afghanistan,AFG,2022,,child_mortality,2026-06-15T20:43:29.924785
Afghanistan,AFG,2023,,child_mortality,2026-06-15T20:43:29.924785
Africa,OWID_AFR,2021,,child_mortality,2026-06-15T20:43:29.924808
Africa,OWID_AFR,2022,,child_mortality,2026-06-15T20:43:29.924808
Africa,OWID_AFR,2023,,child_mortality,2026-06-15T20:43:29.924809
Albania,ALB,2021,,child_mortality,2026-06-15T20:43:29.924827
Albania,ALB,2022,,child_mortality,2026-06-15T20:43:29.924827
Albania,ALB,2023,,child_mortality,2026-06-15T20:43:29.924828
Algeria,DZA,2021,,child_mortality,2026-06-15T20:43:29.924856
Algeria,DZA,2022,,child_mortality,2026-06-15T20:43:29.924857
Algeria,DZA,2023,,child_mortality,2026-06-15T20:43:29.924857
Andorra,AND,2021,,child_mortality,2026-06-15T20:43:29.924872
Andorra,AND,2022,,child_mortality,2026-06-15T20:43:29.924872
Andorra,AND,2023,,child_mortality,2026-06-15T20:43:29.924872
Angola,AGO,2021,,child_mortality,2026-06-15T20:43:29.924890
Angola,AGO,2022,,child_mortality,2026-06-15T20:43:29.924891
Angola,AGO,2023,,child_mortality,2026-06-15T20:43:29.924891
Anguilla,AIA,2021,,child_mortality,2026-06-15T20:43:29.924907
Anguilla,AIA,2022,,child_mortality,2026-06-15T20:43:29.924907
Anguilla,AIA,2023,,child_mortality,2026-06-15T20:43:29.924907
Antigua and Barbuda,ATG,2021,,child_mortality,2026-06-15T20:43:29.924936
Antigua and Barbuda,ATG,2022,,child_mortality,2026-06-15T20:43:29.924936
Antigua and Barbuda,ATG,2023,,child_mortality,2026-06-15T20:43:29.924937
Argentina,ARG,2021,,child_mortality,2026-06-15T20:43:29.924978
Argentina,ARG,2022,,child_mortality,2026-06-15T20:43:29.924979
Argentina,ARG,2023,,child_mortality,2026-06-15T20:43:29.924979
Armenia,ARM,2021,,child_mortality,2026-06-15T20:43:29.924997
Armenia,ARM,2022,,child_mortality,2026-06-15T20:43:29.924998
Armenia,ARM,2023,,child_mortality,2026-06-15T20:43:29.924998
Asia,OWID_ASI,2021,,child_mortality,2026-06-15T20:43:29.925019
Asia,OWID_ASI,2022,,child_mortality,2026-06-15T20:43:29.925019
Asia,OWID_ASI,2023,,child_mortality,2026-06-15T20:43:29.925020
Australia,AUS,2021,,child_mortality,2026-06-15T20:43:29.925079
Australia,AUS,2022,,child_mortality,2026-06-15T20:43:29.925080
Australia,AUS,2023,,child_mortality,2026-06-15T20:43:29.925080
Austria,AUT,2021,,child_mortality,2026-06-15T20:43:29.925154
Austria,AUT,2022,,child_mortality,2026-06-15T20:43:29.925154
Austria,AUT,2023,,child_mortality,2026-06-15T20:43:29.925155
Azerbaijan,AZE,2021,,child_mortality,2026-06-15T20:43:29.925170
Azerbaijan,AZE,2022,,child_mortality,2026-06-15T20:43:29.925171
Azerbaijan,AZE,2023,,child_mortality,2026-06-15T20:43:29.925171
Bahamas,BHS,2021,,child_mortality,2026-06-15T20:43:29.925193
Bahamas,BHS,2022,,child_mortality,2026-06-15T20:43:29.925193
Bahamas,BHS,2023,,child_mortality,2026-06-15T20:43:29.925194
Bahrain,BHR,2021,,child_mortality,2026-06-15T20:43:29.925220
Bahrain,BHR,2022,,child_mortality,2026-06-15T20:43:29.925220
Bahrain,BHR,2023,,child_mortality,2026-06-15T20:43:29.925220
Bangladesh,BGD,2021,,child_mortality,2026-06-15T20:43:29.925249
Bangladesh,BGD,2022,,child_mortality,2026-06-15T20:43:29.925249
Bangladesh,BGD,2023,,child_mortality,2026-06-15T20:43:29.925250
Barbados,BRB,2021,,child_mortality,2026-06-15T20:43:29.925293
Barbados,BRB,2022,,child_mortality,2026-06-15T20:43:29.925293
Barbados,BRB,2023,,child_mortality,2026-06-15T20:43:29.925294
Belarus,BLR,2021,,child_mortality,2026-06-15T20:43:29.925317
Belarus,BLR,2022,,child_mortality,2026-06-15T20:43:29.925317
Belarus,BLR,2023,,child_mortality,2026-06-15T20:43:29.925318
Belgium,BEL,2021,,child_mortality,2026-06-15T20:43:29.925385
Belgium,BEL,2022,,child_mortality,2026-06-15T20:43:29.925386
Belgium,BEL,2023,,child_mortality,2026-06-15T20:43:29.925386
Belize,BLZ,2021,,child_mortality,2026-06-15T20:43:29.925406
Belize,BLZ,2022,,child_mortality,2026-06-15T20:43:29.925406
Belize,BLZ,2023,,child_mortality,2026-06-15T20:43:29.925406
Benin,BEN,2021,,child_mortality,2026-06-15T20:43:29.925434
Benin,BEN,2022,,child_mortality,2026-06-15T20:43:29.925434
Benin,BEN,2023,,child_mortality,2026-06-15T20:43:29.925435
Bhutan,BTN,2021,,child_mortality,2026-06-15T20:43:29.925458
Bhutan,BTN,2022,,child_mortality,2026-06-15T20:43:29.925459
Bhutan,BTN,2023,,child_mortality,2026-06-15T20:43:29.925460
Bolivia,BOL,2021,,child_mortality,2026-06-15T20:43:29.925498
Bolivia,BOL,2022,,child_mortality,2026-06-15T20:43:29.925499
Bolivia,BOL,2023,,child_mortality,2026-06-15T20:43:29.925499
Bosnia and Herzegovina,BIH,2021,,child_mortality,2026-06-15T20:43:29.925516
Bosnia and Herzegovina,BIH,2022,,child_mortality,2026-06-15T20:43:29.925516
Bosnia and Herzegovina,BIH,2023,,child_mortality,2026-06-15T20:43:29.925517
Botswana,BWA,2021,,child_mortality,2026-06-15T20:43:29.925551
Botswana,BWA,2022,,child_mortality,2026-06-15T20:43:29.925551
Botswana,BWA,2023,,child_mortality,2026-06-15T20:43:29.925551
Brazil,BRA,2021,,child_mortality,2026-06-15T20:43:29.925588
Brazil,BRA,2022,,child_mortality,2026-06-15T20:43:29.925589
Brazil,BRA,2023,,child_mortality,2026-06-15T20:43:29.925589
British Virgin Islands,VGB,2021,,child_mortality,2026-06-15T20:43:29.925620
British Virgin Islands,VGB,2022,,child_mortality,2026-06-15T20:43:29.925620
British Virgin Islands,VGB,2023,,child_mortality,2026-06-15T20:43:29.925621
Brunei,BRN,2021,,child_mortality,2026-06-15T20:43:29.925655
Brunei,BRN,2022,,child_mortality,2026-06-15T20:43:29.925656
Brunei,BRN,2023,,child_mortality,2026-06-15T20:43:29.925656
Bulgaria,BGR,2021,,child_mortality,2026-06-15T20:43:29.925687
Bulgaria,BGR,2022,,child_mortality,2026-06-15T20:43:29.925688
Bulgaria,BGR,2023,,child_mortality,2026-06-15T20:43:29.925688
Burkina Faso,BFA,2021,,child_mortality,2026-06-15T20:43:29.925724
Burkina Faso,BFA,2022,,child_mortality,2026-06-15T20:43:29.925725
Burkina Faso,BFA,2023,,child_mortality,2026-06-15T20:43:29.925726
Burundi,BDI,2021,,child_mortality,2026-06-15T20:43:29.925752
Burundi,BDI,2022,,child_mortality,2026-06-15T20:43:29.925752
Burundi,BDI,2023,,child_mortality,2026-06-15T20:43:29.925752
Cambodia,KHM,2021,,child_mortality,2026-06-15T20:43:29.925773
Cambodia,KHM,2022,,child_mortality,2026-06-15T20:43:29.925773
Cambodia,KHM,2023,,child_mortality,2026-06-15T20:43:29.925773
Cameroon,CMR,2021,,child_mortality,2026-06-15T20:43:29.925802
Cameroon,CMR,2022,,child_mortality,2026-06-15T20:43:29.925803
Cameroon,CMR,2023,,child_mortality,2026-06-15T20:43:29.925803
Canada,CAN,2021,,child_mortality,2026-06-15T20:43:29.925854
Canada,CAN,2022,,child_mortality,2026-06-15T20:43:29.925855
Canada,CAN,2023,,child_mortality,2026-06-15T20:43:29.925855
Cape Verde,CPV,2021,,child_mortality,2026-06-15T20:43:29.925885
Cape Verde,CPV,2022,,child_mortality,2026-06-15T20:43:29.925885
Cape Verde,CPV,2023,,child_mortality,2026-06-15T20:43:29.925886
Central African Republic,CAF,2021,,child_mortality,2026-06-15T20:43:29.925912
Central African Republic,CAF,2022,,child_mortality,2026-06-15T20:43:29.925913
Central African Republic,CAF,2023,,child_mortality,2026-06-15T20:43:29.925913
Chad,TCD,2021,,child_mortality,2026-06-15T20:43:29.925944
Chad,TCD,2022,,child_mortality,2026-06-15T20:43:29.925944
Chad,TCD,2023,,child_mortality,2026-06-15T20:43:29.925945
Chile,CHL,2021,,child_mortality,2026-06-15T20:43:29.925994
Chile,CHL,2022,,child_mortality,2026-06-15T20:43:29.925995
Chile,CHL,2023,,child_mortality,2026-06-15T20:43:29.925995
China,CHN,2021,,child_mortality,2026-06-15T20:43:29.926019
China,CHN,2022,,child_mortality,2026-06-15T20:43:29.926020
China,CHN,2023,,child_mortality,2026-06-15T20:43:29.926020
Colombia,COL,2021,,child_mortality,2026-06-15T20:43:29.926060
Colombia,COL,2022,,child_mortality,2026-06-15T20:43:29.926060
Colombia,COL,2023,,child_mortality,2026-06-15T20:43:29.926061
Comoros,COM,2021,,child_mortality,2026-06-15T20:43:29.926082
Comoros,COM,2022,,child_mortality,2026-06-15T20:43:29.926082
Comoros,COM,2023,,child_mortality,2026-06-15T20:43:29.926083
Congo,COG,2021,,child_mortality,2026-06-15T20:43:29.926113
Congo,COG,2022,,child_mortality,2026-06-15T20:43:29.926113
Congo,COG,2023,,child_mortality,2026-06-15T20:43:29.926113
Cook Islands,COK,2021,,child_mortality,2026-06-15T20:43:29.926143
Cook Islands,COK,2022,,child_mortality,2026-06-15T20:43:29.926144
Cook Islands,COK,2023,,child_mortality,2026-06-15T20:43:29.926144
Costa Rica,CRI,2021,,child_mortality,2026-06-15T20:43:29.926171
Costa Rica,CRI,2022,,child_mortality,2026-06-15T20:43:29.926172
Costa Rica,CRI,2023,,child_mortality,2026-06-15T20:43:29.926172
Cote d'Ivoire,CIV,2021,,child_mortality,2026-06-15T20:43:29.926197
Cote d'Ivoire,CIV,2022,,child_mortality,2026-06-15T20:43:29.926198
Cote d'Ivoire,CIV,2023,,child_mortality,2026-06-15T20:43:29.926198
Croatia,HRV,2021,,child_mortality,2026-06-15T20:43:29.926217
Croatia,HRV,2022,,child_mortality,2026-06-15T20:43:29.926217
Croatia,HRV,2023,,child_mortality,2026-06-15T20:43:29.926217
Cuba,CUB,2021,,child_mortality,2026-06-15T20:43:29.926252
Cuba,CUB,2022,,child_mortality,2026-06-15T20:43:29.926252
Cuba,CUB,2023,,child_mortality,2026-06-15T20:43:29.926253
Cyprus,CYP,2021,,child_mortality,2026-06-15T20:43:29.926273
Cyprus,CYP,2022,,child_mortality,2026-06-15T20:43:29.926273
Cyprus,CYP,2023,,child_mortality,2026-06-15T20:43:29.926274
Czechia,CZE,2021,,child_mortality,2026-06-15T20:43:29.926302
Czechia,CZE,2022,,child_mortality,2026-06-15T20:43:29.926303
Czechia,CZE,2023,,child_mortality,2026-06-15T20:43:29.926303
Democratic Republic of Congo,COD,2021,,child_mortality,2026-06-15T20:43:29.926326
Democratic Republic of Congo,COD,2022,,child_mortality,2026-06-15T20:43:29.926327
Democratic Republic of Congo,COD,2023,,child_mortality,2026-06-15T20:43:29.926327
Denmark,DNK,2021,,child_mortality,2026-06-15T20:43:29.926402
Denmark,DNK,2022,,child_mortality,2026-06-15T20:43:29.926402
Denmark,DNK,2023,,child_mortality,2026-06-15T20:43:29.926403
Djibouti,DJI,2021,,child_mortality,2026-06-15T20:43:29.926420
Djibouti,DJI,2022,,child_mortality,2026-06-15T20:43:29.926420
Djibouti,DJI,2023,,child_mortality,2026-06-15T20:43:29.926421
Dominica,DMA,2021,,child_mortality,2026-06-15T20:43:29.926445
Dominica,DMA,2022,,child_mortality,2026-06-15T20:43:29.926445
Dominica,DMA,2023,,child_mortality,2026-06-15T20:43:29.926446
Dominican Republic,DOM,2021,,child_mortality,2026-06-15T20:43:29.926478
Dominican Republic,DOM,2022,,child_mortality,2026-06-15T20:43:29.926478
Dominican Republic,DOM,2023,,child_mortality,2026-06-15T20:43:29.926479
East Timor,TLS,2021,,child_mortality,2026-06-15T20:43:29.926496
East Timor,TLS,2022,,child_mortality,2026-06-15T20:43:29.926497
East Timor,TLS,2023,,child_mortality,2026-06-15T20:43:29.926497
Ecuador,ECU,2021,,child_mortality,2026-06-15T20:43:29.926526
Ecuador,ECU,2022,,child_mortality,2026-06-15T20:43:29.926526
Ecuador,ECU,2023,,child_mortality,2026-06-15T20:43:29.926527
Egypt,EGY,2021,,child_mortality,2026-06-15T20:43:29.926558
Egypt,EGY,2022,,child_mortality,2026-06-15T20:43:29.926558
Egypt,EGY,2023,,child_mortality,2026-06-15T20:43:29.926558
El Salvador,SLV,2021,,child_mortality,2026-06-15T20:43:29.926586
El Salvador,SLV,2022,,child_mortality,2026-06-15T20:43:29.926586
El Salvador,SLV,2023,,child_mortality,2026-06-15T20:43:29.926587
Equatorial Guinea,GNQ,2021,,child_mortality,2026-06-15T20:43:29.926603
Equatorial Guinea,GNQ,2022,,child_mortality,2026-06-15T20:43:29.926604
Equatorial Guinea,GNQ,2023,,child_mortality,2026-06-15T20:43:29.926604
Eritrea,ERI,2021,,child_mortality,2026-06-15T20:43:29.926629
Eritrea,ERI,2022,,child_mortality,2026-06-15T20:43:29.926629
Eritrea,ERI,2023,,child_mortality,2026-06-15T20:43:29.926630
Estonia,EST,2021,,child_mortality,2026-06-15T20:43:29.926658
Estonia,EST,2022,,child_mortality,2026-06-15T20:43:29.926658
Estonia,EST,2023,,child_mortality,2026-06-15T20:43:29.926659
Eswatini,SWZ,2021,,child_mortality,2026-06-15T20:43:29.926690
Eswatini,SWZ,2022,,child_mortality,2026-06-15T20:43:29.926691
Eswatini,SWZ,2023,,child_mortality,2026-06-15T20:43:29.926691
Ethiopia,ETH,2021,,child_mortality,2026-06-15T20:43:29.926714
Ethiopia,ETH,2022,,child_mortality,2026-06-15T20:43:29.926715
Ethiopia,ETH,2023,,child_mortality,2026-06-15T20:43:29.926715
Europe,OWID_EUR,2021,,child_mortality,2026-06-15T20:43:29.926737
Europe,OWID_EUR,2022,,child_mortality,2026-06-15T20:43:29.926737
Europe,OWID_EUR,2023,,child_mortality,2026-06-15T20:43:29.926738
European Union (27),OWID_EU27,2021,,child_mortality,2026-06-15T20:43:29.926760
European Union (27),OWID_EU27,2022,,child_mortality,2026-06-15T20:43:29.926761
European Union (27),OWID_EU27,2023,,child_mortality,2026-06-15T20:43:29.926761
Fiji,FJI,2021,,child_mortality,2026-06-15T20:43:29.926795
Fiji,FJI,2022,,child_mortality,2026-06-15T20:43:29.926795
Fiji,FJI,2023,,child_mortality,2026-06-15T20:43:29.926795
Finland,FIN,2021,,child_mortality,2026-06-15T20:43:29.926852
Finland,FIN,2022,,child_mortality,2026-06-15T20:43:29.926852
Finland,FIN,2023,,child_mortality,2026-06-15T20:43:29.926853
France,FRA,2021,,child_mortality,2026-06-15T20:43:29.926927
France,FRA,2022,,child_mortality,2026-06-15T20:43:29.926927
France,FRA,2023,,child_mortality,2026-06-15T20:43:29.926928
Gabon,GAB,2021,,child_mortality,2026-06-15T20:43:29.926956
Gabon,GAB,2022,,child_mortality,2026-06-15T20:43:29.926956
Gabon,GAB,2023,,child_mortality,2026-06-15T20:43:29.926957
Gambia,GMB,2021,,child_mortality,2026-06-15T20:43:29.926980
Gambia,GMB,2022,,child_mortality,2026-06-15T20:43:29.926980
Gambia,GMB,2023,,child_mortality,2026-06-15T20:43:29.926981
Georgia,GEO,2021,,child_mortality,2026-06-15T20:43:29.926998
Georgia,GEO,2022,,child_mortality,2026-06-15T20:43:29.926998
Georgia,GEO,2023,,child_mortality,2026-06-15T20:43:29.926998
Germany,DEU,2021,,child_mortality,2026-06-15T20:43:29.927055
Germany,DEU,2022,,child_mortality,2026-06-15T20:43:29.927056
Germany,DEU,2023,,child_mortality,2026-06-15T20:43:29.927056
Ghana,GHA,2021,,child_mortality,2026-06-15T20:43:29.927088
Ghana,GHA,2022,,child_mortality,2026-06-15T20:43:29.927089
Ghana,GHA,2023,,child_mortality,2026-06-15T20:43:29.927089
Greece,GRC,2021,,child_mortality,2026-06-15T20:43:29.927122
Greece,GRC,2022,,child_mortality,2026-06-15T20:43:29.927123
Greece,GRC,2023,,child_mortality,2026-06-15T20:43:29.927123
Grenada,GRD,2021,,child_mortality,2026-06-15T20:43:29.927149
Grenada,GRD,2022,,child_mortality,2026-06-15T20:43:29.927149
Grenada,GRD,2023,,child_mortality,2026-06-15T20:43:29.927150
Guatemala,GTM,2021,,child_mortality,2026-06-15T20:43:29.927173
Guatemala,GTM,2022,,child_mortality,2026-06-15T20:43:29.927173
Guatemala,GTM,2023,,child_mortality,2026-06-15T20:43:29.927174
Guinea,GIN,2021,,child_mortality,2026-06-15T20:43:29.927204
Guinea,GIN,2022,,child_mortality,2026-06-15T20:43:29.927204
Guinea,GIN,2023,,child_mortality,2026-06-15T20:43:29.927205
Guinea-Bissau,GNB,2021,,child_mortality,2026-06-15T20:43:29.927231
Guinea-Bissau,GNB,2022,,child_mortality,2026-06-15T20:43:29.927231
Guinea-Bissau,GNB,2023,,child_mortality,2026-06-15T20:43:29.927231
Guyana,GUY,2021,,child_mortality,2026-06-15T20:43:29.927295
Guyana,GUY,2022,,child_mortality,2026-06-15T20:43:29.927295
Guyana,GUY,2023,,child_mortality,2026-06-15T20:43:29.927296
Haiti,HTI,2021,,child_mortality,2026-06-15T20:43:29.927321
Haiti,HTI,2022,,child_mortality,2026-06-15T20:43:29.927321
Haiti,HTI,2023,,child_mortality,2026-06-15T20:43:29.927322
High-income countries,OWID_HIC,2021,,child_mortality,2026-06-15T20:43:29.927337
High-income countries,OWID_HIC,2022,,child_mortality,2026-06-15T20:43:29.927337
High-income countries,OWID_HIC,2023,,child_mortality,2026-06-15T20:43:29.927337
Honduras,HND,2021,,child_mortality,2026-06-15T20:43:29.927362
Honduras,HND,2022,,child_mortality,2026-06-15T20:43:29.927362
Honduras,HND,2023,,child_mortality,2026-06-15T20:43:29.927362
Hungary,HUN,2021,,child_mortality,2026-06-15T20:43:29.927414
Hungary,HUN,2022,,child_mortality,2026-06-15T20:43:29.927414
Hungary,HUN,2023,,child_mortality,2026-06-15T20:43:29.927414
Iceland,ISL,2021,,child_mortality,2026-06-15T20:43:29.927493
Iceland,ISL,2022,,child_mortality,2026-06-15T20:43:29.927493
Iceland,ISL,2023,,child_mortality,2026-06-15T20:43:29.927494
India,IND,2021,,child_mortality,2026-06-15T20:43:29.927538
India,IND,2022,,child_mortality,2026-06-15T20:43:29.927538
India,IND,2023,,child_mortality,2026-06-15T20:43:29.927538
Indonesia,IDN,2021,,child_mortality,2026-06-15T20:43:29.927568
Indonesia,IDN,2022,,child_mortality,2026-06-15T20:43:29.927568
Indonesia,IDN,2023,,child_mortality,2026-06-15T20:43:29.927568
Iran,IRN,2021,,child_mortality,2026-06-15T20:43:29.927591
Iran,IRN,2022,,child_mortality,2026-06-15T20:43:29.927591
Iran,IRN,2023,,child_mortality,2026-06-15T20:43:29.927592
Iraq,IRQ,2021,,child_mortality,2026-06-15T20:43:29.927624
Iraq,IRQ,2022,,child_mortality,2026-06-15T20:43:29.927624
Iraq,IRQ,2023,,child_mortality,2026-06-15T20:43:29.927625
Ireland,IRL,2021,,child_mortality,2026-06-15T20:43:29.927687
Ireland,IRL,2022,,child_mortality,2026-06-15T20:43:29.927687
Ireland,IRL,2023,,child_mortality,2026-06-15T20:43:29.927688
Israel,ISR,2021,,child_mortality,2026-06-15T20:43:29.927727
Israel,ISR,2022,,child_mortality,2026-06-15T20:43:29.927728
Israel,ISR,2023,,child_mortality,2026-06-15T20:43:29.927728
Italy,ITA,2021,,child_mortality,2026-06-15T20:43:29.927788
Italy,ITA,2022,,child_mortality,2026-06-15T20:43:29.927788
Italy,ITA,2023,,child_mortality,2026-06-15T20:43:29.927788
Jamaica,JAM,2021,,child_mortality,2026-06-15T20:43:29.927845
Jamaica,JAM,2022,,child_mortality,2026-06-15T20:43:29.927846
Jamaica,JAM,2023,,child_mortality,2026-06-15T20:43:29.927846
Japan,JPN,2021,,child_mortality,2026-06-15T20:43:29.927886
Japan,JPN,2022,,child_mortality,2026-06-15T20:43:29.927886
Japan,JPN,2023,,child_mortality,2026-06-15T20:43:29.927887
Jordan,JOR,2021,,child_mortality,2026-06-15T20:43:29.927917
Jordan,JOR,2022,,child_mortality,2026-06-15T20:43:29.927918
Jordan,JOR,2023,,child_mortality,2026-06-15T20:43:29.927918
Kazakhstan,KAZ,2021,,child_mortality,2026-06-15T20:43:29.927939
Kazakhstan,KAZ,2022,,child_mortality,2026-06-15T20:43:29.927940
Kazakhstan,KAZ,2023,,child_mortality,2026-06-15T20:43:29.927940
Kenya,KEN,2021,,child_mortality,2026-06-15T20:43:29.927969
Kenya,KEN,2022,,child_mortality,2026-06-15T20:43:29.927970
Kenya,KEN,2023,,child_mortality,2026-06-15T20:43:29.927970
Kiribati,KIR,2021,,child_mortality,2026-06-15T20:43:29.928000
Kiribati,KIR,2022,,child_mortality,2026-06-15T20:43:29.928001
Kiribati,KIR,2023,,child_mortality,2026-06-15T20:43:29.928001
Kosovo,OWID_KOS,2021,,child_mortality,2026-06-15T20:43:29.928016
Kosovo,OWID_KOS,2022,,child_mortality,2026-06-15T20:43:29.928016
Kosovo,OWID_KOS,2023,,child_mortality,2026-06-15T20:43:29.928017
Kuwait,KWT,2021,,child_mortality,2026-06-15T20:43:29.928042
Kuwait,KWT,2022,,child_mortality,2026-06-15T20:43:29.928042
Kuwait,KWT,2023,,child_mortality,2026-06-15T20:43:29.928043
Kyrgyzstan,KGZ,2021,,child_mortality,2026-06-15T20:43:29.928063
Kyrgyzstan,KGZ,2022,,child_mortality,2026-06-15T20:43:29.928064
Kyrgyzstan,KGZ,2023,,child_mortality,2026-06-15T20:43:29.928064
Laos,LAO,2021,,child_mortality,2026-06-15T20:43:29.928082
Laos,LAO,2022,,child_mortality,2026-06-15T20:43:29.928082
Laos,LAO,2023,,child_mortality,2026-06-15T20:43:29.928083
Latvia,LVA,2021,,child_mortality,2026-06-15T20:43:29.928108
Latvia,LVA,2022,,child_mortality,2026-06-15T20:43:29.928108
Latvia,LVA,2023,,child_mortality,2026-06-15T20:43:29.928109
Lebanon,LBN,2021,,child_mortality,2026-06-15T20:43:29.928150
Lebanon,LBN,2022,,child_mortality,2026-06-15T20:43:29.928150
Lebanon,LBN,2023,,child_mortality,2026-06-15T20:43:29.928150
Lesotho,LSO,2021,,child_mortality,2026-06-15T20:43:29.928180
Lesotho,LSO,2022,,child_mortality,2026-06-15T20:43:29.928180
Lesotho,LSO,2023,,child_mortality,2026-06-15T20:43:29.928181
Liberia,LBR,2021,,child_mortality,2026-06-15T20:43:29.928208
Liberia,LBR,2022,,child_mortality,2026-06-15T20:43:29.928209
Liberia,LBR,2023,,child_mortality,2026-06-15T20:43:29.928209
Libya,LBY,2021,,child_mortality,2026-06-15T20:43:29.928236
Libya,LBY,2022,,child_mortality,2026-06-15T20:43:29.928237
Libya,LBY,2023,,child_mortality,2026-06-15T20:43:29.928237
Lithuania,LTU,2021,,child_mortality,2026-06-15T20:43:29.928262
Lithuania,LTU,2022,,child_mortality,2026-06-15T20:43:29.928262
Lithuania,LTU,2023,,child_mortality,2026-06-15T20:43:29.928263
Low-income countries,OWID_LIC,2021,,child_mortality,2026-06-15T20:43:29.928280
Low-income countries,OWID_LIC,2022,,child_mortality,2026-06-15T20:43:29.928280
Low-income countries,OWID_LIC,2023,,child_mortality,2026-06-15T20:43:29.928281
Lower-middle-income countries,OWID_LMC,2021,,child_mortality,2026-06-15T20:43:29.928297
Lower-middle-income countries,OWID_LMC,2022,,child_mortality,2026-06-15T20:43:29.928298
Lower-middle-income countries,OWID_LMC,2023,,child_mortality,2026-06-15T20:43:29.928298
Luxembourg,LUX,2021,,child_mortality,2026-06-15T20:43:29.928328
Luxembourg,LUX,2022,,child_mortality,2026-06-15T20:43:29.928329
Luxembourg,LUX,2023,,child_mortality,2026-06-15T20:43:29.928329
Madagascar,MDG,2021,,child_mortality,2026-06-15T20:43:29.928352
Madagascar,MDG,2022,,child_mortality,2026-06-15T20:43:29.928352
Madagascar,MDG,2023,,child_mortality,2026-06-15T20:43:29.928353
Malawi,MWI,2021,,child_mortality,2026-06-15T20:43:29.928377
Malawi,MWI,2022,,child_mortality,2026-06-15T20:43:29.928378
Malawi,MWI,2023,,child_mortality,2026-06-15T20:43:29.928378
Malaysia,MYS,2021,,child_mortality,2026-06-15T20:43:29.928408
Malaysia,MYS,2022,,child_mortality,2026-06-15T20:43:29.928408
Malaysia,MYS,2023,,child_mortality,2026-06-15T20:43:29.928408
Maldives,MDV,2021,,child_mortality,2026-06-15T20:43:29.928432
Maldives,MDV,2022,,child_mortality,2026-06-15T20:43:29.928433
Maldives,MDV,2023,,child_mortality,2026-06-15T20:43:29.928433
Mali,MLI,2021,,child_mortality,2026-06-15T20:43:29.928458
Mali,MLI,2022,,child_mortality,2026-06-15T20:43:29.928458
Mali,MLI,2023,,child_mortality,2026-06-15T20:43:29.928458
Malta,MLT,2021,,child_mortality,2026-06-15T20:43:29.928487
Malta,MLT,2022,,child_mortality,2026-06-15T20:43:29.928488
Malta,MLT,2023,,child_mortality,2026-06-15T20:43:29.928488
Marshall Islands,MHL,2021,,child_mortality,2026-06-15T20:43:29.928513
Marshall Islands,MHL,2022,,child_mortality,2026-06-15T20:43:29.928513
Marshall Islands,MHL,2023,,child_mortality,2026-06-15T20:43:29.928514
Mauritania,MRT,2021,,child_mortality,2026-06-15T20:43:29.928547
Mauritania,MRT,2022,,child_mortality,2026-06-15T20:43:29.928547
Mauritania,MRT,2023,,child_mortality,2026-06-15T20:43:29.928547
Mauritius,MUS,2021,,child_mortality,2026-06-15T20:43:29.928607
Mauritius,MUS,2022,,child_mortality,2026-06-15T20:43:29.928607
Mauritius,MUS,2023,,child_mortality,2026-06-15T20:43:29.928608
Mexico,MEX,2021,,child_mortality,2026-06-15T20:43:29.928636
Mexico,MEX,2022,,child_mortality,2026-06-15T20:43:29.928636
Mexico,MEX,2023,,child_mortality,2026-06-15T20:43:29.928637
Micronesia (country),FSM,2021,,child_mortality,2026-06-15T20:43:29.928662
Micronesia (country),FSM,2022,,child_mortality,2026-06-15T20:43:29.928663
Micronesia (country),FSM,2023,,child_mortality,2026-06-15T20:43:29.928663
Moldova,MDA,2021,,child_mortality,2026-06-15T20:43:29.928683
Moldova,MDA,2022,,child_mortality,2026-06-15T20:43:29.928684
Moldova,MDA,2023,,child_mortality,2026-06-15T20:43:29.928684
Monaco,MCO,2021,,child_mortality,2026-06-15T20:43:29.928699
Monaco,MCO,2022,,child_mortality,2026-06-15T20:43:29.928699
Monaco,MCO,2023,,child_mortality,2026-06-15T20:43:29.928700
Mongolia,MNG,2021,,child_mortality,2026-06-15T20:43:29.928718
Mongolia,MNG,2022,,child_mortality,2026-06-15T20:43:29.928718
Mongolia,MNG,2023,,child_mortality,2026-06-15T20:43:29.928718
Montenegro,MNE,2021,,child_mortality,2026-06-15T20:43:29.928733
Montenegro,MNE,2022,,child_mortality,2026-06-15T20:43:29.928734
Montenegro,MNE,2023,,child_mortality,2026-06-15T20:43:29.928734
Montserrat,MSR,2021,,child_mortality,2026-06-15T20:43:29.928760
Montserrat,MSR,2022,,child_mortality,2026-06-15T20:43:29.928760
Montserrat,MSR,2023,,child_mortality,2026-06-15T20:43:29.928761
Morocco,MAR,2021,,child_mortality,2026-06-15T20:43:29.928788
Morocco,MAR,2022,,child_mortality,2026-06-15T20:43:29.928788
Morocco,MAR,2023,,child_mortality,2026-06-15T20:43:29.928789
Mozambique,MOZ,2021,,child_mortality,2026-06-15T20:43:29.928813
Mozambique,MOZ,2022,,child_mortality,2026-06-15T20:43:29.928813
Mozambique,MOZ,2023,,child_mortality,2026-06-15T20:43:29.928814
Myanmar,MMR,2021,,child_mortality,2026-06-15T20:43:29.928836
Myanmar,MMR,2022,,child_mortality,2026-06-15T20:43:29.928836
Myanmar,MMR,2023,,child_mortality,2026-06-15T20:43:29.928836
Namibia,NAM,2021,,child_mortality,2026-06-15T20:43:29.928859
Namibia,NAM,2022,,child_mortality,2026-06-15T20:43:29.928859
Namibia,NAM,2023,,child_mortality,2026-06-15T20:43:29.928860
Nauru,NRU,2021,,child_mortality,2026-06-15T20:43:29.928875
Nauru,NRU,2022,,child_mortality,2026-06-15T20:43:29.928875
Nauru,NRU,2023,,child_mortality,2026-06-15T20:43:29.928875
Nepal,NPL,2021,,child_mortality,2026-06-15T20:43:29.928904
Nepal,NPL,2022,,child_mortality,2026-06-15T20:43:29.928905
Nepal,NPL,2023,,child_mortality,2026-06-15T20:43:29.928905
Netherlands,NLD,2021,,child_mortality,2026-06-15T20:43:29.928978
Netherlands,NLD,2022,,child_mortality,2026-06-15T20:43:29.928979
Netherlands,NLD,2023,,child_mortality,2026-06-15T20:43:29.928979
New Zealand,NZL,2021,,child_mortality,2026-06-15T20:43:29.929043
New Zealand,NZL,2022,,child_mortality,2026-06-15T20:43:29.929043
New Zealand,NZL,2023,,child_mortality,2026-06-15T20:43:29.929044
Nicaragua,NIC,2021,,child_mortality,2026-06-15T20:43:29.929070
Nicaragua,NIC,2022,,child_mortality,2026-06-15T20:43:29.929071
Nicaragua,NIC,2023,,child_mortality,2026-06-15T20:43:29.929071
Niger,NER,2021,,child_mortality,2026-06-15T20:43:29.929093
Niger,NER,2022,,child_mortality,2026-06-15T20:43:29.929093
Niger,NER,2023,,child_mortality,2026-06-15T20:43:29.929094
Nigeria,NGA,2021,,child_mortality,2026-06-15T20:43:29.929117
Nigeria,NGA,2022,,child_mortality,2026-06-15T20:43:29.929118
Nigeria,NGA,2023,,child_mortality,2026-06-15T20:43:29.929118
Niue,NIU,2021,,child_mortality,2026-06-15T20:43:29.929149
Niue,NIU,2022,,child_mortality,2026-06-15T20:43:29.929150
Niue,NIU,2023,,child_mortality,2026-06-15T20:43:29.929150
North America,OWID_NAM,2021,,child_mortality,2026-06-15T20:43:29.929178
North America,OWID_NAM,2022,,child_mortality,2026-06-15T20:43:29.929179
North America,OWID_NAM,2023,,child_mortality,2026-06-15T20:43:29.929179
North Korea,PRK,2021,,child_mortality,2026-06-15T20:43:29.929208
North Korea,PRK,2022,,child_mortality,2026-06-15T20:43:29.929208
North Korea,PRK,2023,,child_mortality,2026-06-15T20:43:29.929209
North Macedonia,MKD,2021,,child_mortality,2026-06-15T20:43:29.929226
North Macedonia,MKD,2022,,child_mortality,2026-06-15T20:43:29.929226
North Macedonia,MKD,2023,,child_mortality,2026-06-15T20:43:29.929227
Norway,NOR,2021,,child_mortality,2026-06-15T20:43:29.929312
Norway,NOR,2022,,child_mortality,2026-06-15T20:43:29.929312
Norway,NOR,2023,,child_mortality,2026-06-15T20:43:29.929313
Oceania,OWID_OCE,2021,,child_mortality,2026-06-15T20:43:29.929345
Oceania,OWID_OCE,2022,,child_mortality,2026-06-15T20:43:29.929345
Oceania,OWID_OCE,2023,,child_mortality,2026-06-15T20:43:29.929346
Oman,OMN,2021,,child_mortality,2026-06-15T20:43:29.929371
Oman,OMN,2022,,child_mortality,2026-06-15T20:43:29.929371
Oman,OMN,2023,,child_mortality,2026-06-15T20:43:29.929372
Pakistan,PAK,2021,,child_mortality,2026-06-15T20:43:29.929407
Pakistan,PAK,2022,,child_mortality,2026-06-15T20:43:29.929407
Pakistan,PAK,2023,,child_mortality,2026-06-15T20:43:29.929408
Palau,PLW,2021,,child_mortality,2026-06-15T20:43:29.929431
Palau,PLW,2022,,child_mortality,2026-06-15T20:43:29.929432
Palau,PLW,2023,,child_mortality,2026-06-15T20:43:29.929432
Palestine,PSE,2021,,child_mortality,2026-06-15T20:43:29.929452
Palestine,PSE,2022,,child_mortality,2026-06-15T20:43:29.929452
Palestine,PSE,2023,,child_mortality,2026-06-15T20:43:29.929453
Panama,PAN,2021,,child_mortality,2026-06-15T20:43:29.929484
Panama,PAN,2022,,child_mortality,2026-06-15T20:43:29.929484
Panama,PAN,2023,,child_mortality,2026-06-15T20:43:29.929485
Papua New Guinea,PNG,2021,,child_mortality,2026-06-15T20:43:29.929529
Papua New Guinea,PNG,2022,,child_mortality,2026-06-15T20:43:29.929530
Papua New Guinea,PNG,2023,,child_mortality,2026-06-15T20:43:29.929530
Paraguay,PRY,2021,,child_mortality,2026-06-15T20:43:29.929561
Paraguay,PRY,2022,,child_mortality,2026-06-15T20:43:29.929561
Paraguay,PRY,2023,,child_mortality,2026-06-15T20:43:29.929562
Peru,PER,2021,,child_mortality,2026-06-15T20:43:29.929595
Peru,PER,2022,,child_mortality,2026-06-15T20:43:29.929595
Peru,PER,2023,,child_mortality,2026-06-15T20:43:29.929595
Philippines,PHL,2021,,child_mortality,2026-06-15T20:43:29.929627
Philippines,PHL,2022,,child_mortality,2026-06-15T20:43:29.929628
Philippines,PHL,2023,,child_mortality,2026-06-15T20:43:29.929628
Poland,POL,2021,,child_mortality,2026-06-15T20:43:29.929666
Poland,POL,2022,,child_mortality,2026-06-15T20:43:29.929666
Poland,POL,2023,,child_mortality,2026-06-15T20:43:29.929666
Portugal,PRT,2021,,child_mortality,2026-06-15T20:43:29.929715
Portugal,PRT,2022,,child_mortality,2026-06-15T20:43:29.929715
Portugal,PRT,2023,,child_mortality,2026-06-15T20:43:29.929716
Qatar,QAT,2021,,child_mortality,2026-06-15T20:43:29.929741
Qatar,QAT,2022,,child_mortality,2026-06-15T20:43:29.929742
Qatar,QAT,2023,,child_mortality,2026-06-15T20:43:29.929742
Romania,ROU,2021,,child_mortality,2026-06-15T20:43:29.929806
Romania,ROU,2022,,child_mortality,2026-06-15T20:43:29.929807
Romania,ROU,2023,,child_mortality,2026-06-15T20:43:29.929807
Russia,RUS,2021,,child_mortality,2026-06-15T20:43:29.929855
Russia,RUS,2022,,child_mortality,2026-06-15T20:43:29.929855
Russia,RUS,2023,,child_mortality,2026-06-15T20:43:29.929856
Rwanda,RWA,2021,,child_mortality,2026-06-15T20:43:29.929887
Rwanda,RWA,2022,,child_mortality,2026-06-15T20:43:29.929887
Rwanda,RWA,2023,,child_mortality,2026-06-15T20:43:29.929888
Saint Kitts and Nevis,KNA,2021,,child_mortality,2026-06-15T20:43:29.929911
Saint Kitts and Nevis,KNA,2022,,child_mortality,2026-06-15T20:43:29.929911
Saint Kitts and Nevis,KNA,2023,,child_mortality,2026-06-15T20:43:29.929912
Saint Lucia,LCA,2021,,child_mortality,2026-06-15T20:43:29.929943
Saint Lucia,LCA,2022,,child_mortality,2026-06-15T20:43:29.929943
Saint Lucia,LCA,2023,,child_mortality,2026-06-15T20:43:29.929943
Saint Vincent and the Grenadines,VCT,2021,,child_mortality,2026-06-15T20:43:29.929968
Saint Vincent and the Grenadines,VCT,2022,,child_mortality,2026-06-15T20:43:29.929969
Saint Vincent and the Grenadines,VCT,2023,,child_mortality,2026-06-15T20:43:29.929969
Samoa,WSM,2021,,child_mortality,2026-06-15T20:43:29.930004
Samoa,WSM,2022,,child_mortality,2026-06-15T20:43:29.930005
Samoa,WSM,2023,,child_mortality,2026-06-15T20:43:29.930005
San Marino,SMR,2021,,child_mortality,2026-06-15T20:43:29.930021
San Marino,SMR,2022,,child_mortality,2026-06-15T20:43:29.930022
San Marino,SMR,2023,,child_mortality,2026-06-15T20:43:29.930023
Sao Tome and Principe,STP,2021,,child_mortality,2026-06-15T20:43:29.930048
Sao Tome and Principe,STP,2022,,child_mortality,2026-06-15T20:43:29.930049
Sao Tome and Principe,STP,2023,,child_mortality,2026-06-15T20:43:29.930049
Saudi Arabia,SAU,2021,,child_mortality,2026-06-15T20:43:29.930072
Saudi Arabia,SAU,2022,,child_mortality,2026-06-15T20:43:29.930073
Saudi Arabia,SAU,2023,,child_mortality,2026-06-15T20:43:29.930073
Senegal,SEN,2021,,child_mortality,2026-06-15T20:43:29.930103
Senegal,SEN,2022,,child_mortality,2026-06-15T20:43:29.930103
Senegal,SEN,2023,,child_mortality,2026-06-15T20:43:29.930104
Serbia,SRB,2021,,child_mortality,2026-06-15T20:43:29.930131
Serbia,SRB,2022,,child_mortality,2026-06-15T20:43:29.930131
Serbia,SRB,2023,,child_mortality,2026-06-15T20:43:29.930132
Seychelles,SYC,2021,,child_mortality,2026-06-15T20:43:29.930161
Seychelles,SYC,2022,,child_mortality,2026-06-15T20:43:29.930162
Seychelles,SYC,2023,,child_mortality,2026-06-15T20:43:29.930162
Sierra Leone,SLE,2021,,child_mortality,2026-06-15T20:43:29.930190
Sierra Leone,SLE,2022,,child_mortality,2026-06-15T20:43:29.930190
Sierra Leone,SLE,2023,,child_mortality,2026-06-15T20:43:29.930190
Singapore,SGP,2021,,child_mortality,2026-06-15T20:43:29.930228
Singapore,SGP,2022,,child_mortality,2026-06-15T20:43:29.930228
Singapore,SGP,2023,,child_mortality,2026-06-15T20:43:29.930229
Slovakia,SVK,2021,,child_mortality,2026-06-15T20:43:29.930255
Slovakia,SVK,2022,,child_mortality,2026-06-15T20:43:29.930255
Slovakia,SVK,2023,,child_mortality,2026-06-15T20:43:29.930256
Slovenia,SVN,2021,,child_mortality,2026-06-15T20:43:29.930274
Slovenia,SVN,2022,,child_mortality,2026-06-15T20:43:29.930274
Slovenia,SVN,2023,,child_mortality,2026-06-15T20:43:29.930275
Solomon Islands,SLB,2021,,child_mortality,2026-06-15T20:43:29.930307
Solomon Islands,SLB,2022,,child_mortality,2026-06-15T20:43:29.930307
Solomon Islands,SLB,2023,,child_mortality,2026-06-15T20:43:29.930307
Somalia,SOM,2021,,child_mortality,2026-06-15T20:43:29.930325
Somalia,SOM,2022,,child_mortality,2026-06-15T20:43:29.930325
Somalia,SOM,2023,,child_mortality,2026-06-15T20:43:29.930326
South Africa,ZAF,2021,,child_mortality,2026-06-15T20:43:29.930345
South Africa,ZAF,2022,,child_mortality,2026-06-15T20:43:29.930346
South Africa,ZAF,2023,,child_mortality,2026-06-15T20:43:29.930346
South America,OWID_SAM,2021,,child_mortality,2026-06-15T20:43:29.930376
South America,OWID_SAM,2022,,child_mortality,2026-06-15T20:43:29.930377
South America,OWID_SAM,2023,,child_mortality,2026-06-15T20:43:29.930377
South Korea,KOR,2021,,child_mortality,2026-06-15T20:43:29.930409
South Korea,KOR,2022,,child_mortality,2026-06-15T20:43:29.930410
South Korea,KOR,2023,,child_mortality,2026-06-15T20:43:29.930410
South Sudan,SSD,2021,,child_mortality,2026-06-15T20:43:29.930440
South Sudan,SSD,2022,,child_mortality,2026-06-15T20:43:29.930440
South Sudan,SSD,2023,,child_mortality,2026-06-15T20:43:29.930441
Spain,ESP,2021,,child_mortality,2026-06-15T20:43:29.930505
Spain,ESP,2022,,child_mortality,2026-06-15T20:43:29.930505
Spain,ESP,2023,,child_mortality,2026-06-15T20:43:29.930505
Sri Lanka,LKA,2021,,child_mortality,2026-06-15T20:43:29.930536
Sri Lanka,LKA,2022,,child_mortality,2026-06-15T20:43:29.930536
Sri Lanka,LKA,2023,,child_mortality,2026-06-15T20:43:29.930537
Sudan,SDN,2021,,child_mortality,2026-06-15T20:43:29.930570
Sudan,SDN,2022,,child_mortality,2026-06-15T20:43:29.930571
Sudan,SDN,2023,,child_mortality,2026-06-15T20:43:29.930571
Suriname,SUR,2021,,child_mortality,2026-06-15T20:43:29.930588
Suriname,SUR,2022,,child_mortality,2026-06-15T20:43:29.930589
Suriname,SUR,2023,,child_mortality,2026-06-15T20:43:29.930589
Sweden,SWE,2021,,child_mortality,2026-06-15T20:43:29.930706
Sweden,SWE,2022,,child_mortality,2026-06-15T20:43:29.930706
Sweden,SWE,2023,,child_mortality,2026-06-15T20:43:29.930707
Switzerland,CHE,2021,,child_mortality,2026-06-15T20:43:29.930767
Switzerland,CHE,2022,,child_mortality,2026-06-15T20:43:29.930768
Switzerland,CHE,2023,,child_mortality,2026-06-15T20:43:29.930768
Syria,SYR,2021,,child_mortality,2026-06-15T20:43:29.930797
Syria,SYR,2022,,child_mortality,2026-06-15T20:43:29.930797
Syria,SYR,2023,,child_mortality,2026-06-15T20:43:29.930798
Tajikistan,TJK,2021,,child_mortality,2026-06-15T20:43:29.930833
Tajikistan,TJK,2022,,child_mortality,2026-06-15T20:43:29.930833
Tajikistan,TJK,2023,,child_mortality,2026-06-15T20:43:29.930834
Tanzania,TZA,2021,,child_mortality,2026-06-15T20:43:29.930862
Tanzania,TZA,2022,,child_mortality,2026-06-15T20:43:29.930862
Tanzania,TZA,2023,,child_mortality,2026-06-15T20:43:29.930862
Thailand,THA,2021,,child_mortality,2026-06-15T20:43:29.930893
Thailand,THA,2022,,child_mortality,2026-06-15T20:43:29.930893
Thailand,THA,2023,,child_mortality,2026-06-15T20:43:29.930894
Togo,TGO,2021,,child_mortality,2026-06-15T20:43:29.930928
Togo,TGO,2022,,child_mortality,2026-06-15T20:43:29.930928
Togo,TGO,2023,,child_mortality,2026-06-15T20:43:29.930928
Tonga,TON,2021,,child_mortality,2026-06-15T20:43:29.930952
Tonga,TON,2022,,child_mortality,2026-06-15T20:43:29.930952
Tonga,TON,2023,,child_mortality,2026-06-15T20:43:29.930953
Trinidad and Tobago,TTO,2021,,child_mortality,2026-06-15T20:43:29.930999
Trinidad and Tobago,TTO,2022,,child_mortality,2026-06-15T20:43:29.930999
Trinidad and Tobago,TTO,2023,,child_mortality,2026-06-15T20:43:29.930999
Tunisia,TUN,2021,,child_mortality,2026-06-15T20:43:29.931037
Tunisia,TUN,2022,,child_mortality,2026-06-15T20:43:29.931037
Tunisia,TUN,2023,,child_mortality,2026-06-15T20:43:29.931038
Turkey,TUR,2021,,child_mortality,2026-06-15T20:43:29.931072
Turkey,TUR,2022,,child_mortality,2026-06-15T20:43:29.931072
Turkey,TUR,2023,,child_mortality,2026-06-15T20:43:29.931072
Turkmenistan,TKM,2021,,child_mortality,2026-06-15T20:43:29.931094
Turkmenistan,TKM,2022,,child_mortality,2026-06-15T20:43:29.931094
Turkmenistan,TKM,2023,,child_mortality,2026-06-15T20:43:29.931094
Turks and Caicos Islands,TCA,2021,,child_mortality,2026-06-15T20:43:29.931121
Turks and Caicos Islands,TCA,2022,,child_mortality,2026-06-15T20:43:29.931121
Turks and Caicos Islands,TCA,2023,,child_mortality,2026-06-15T20:43:29.931122
Tuvalu,TUV,2021,,child_mortality,2026-06-15T20:43:29.931151
Tuvalu,TUV,2022,,child_mortality,2026-06-15T20:43:29.931151
Tuvalu,TUV,2023,,child_mortality,2026-06-15T20:43:29.931152
Uganda,UGA,2021,,child_mortality,2026-06-15T20:43:29.931182
Uganda,UGA,2022,,child_mortality,2026-06-15T20:43:29.931182
Uganda,UGA,2023,,child_mortality,2026-06-15T20:43:29.931183
Ukraine,UKR,2021,,child_mortality,2026-06-15T20:43:29.931206
Ukraine,UKR,2022,,child_mortality,2026-06-15T20:43:29.931207
Ukraine,UKR,2023,,child_mortality,2026-06-15T20:43:29.931207
United Arab Emirates,ARE,2021,,child_mortality,2026-06-15T20:43:29.931235
United Arab Emirates,ARE,2022,,child_mortality,2026-06-15T20:43:29.931236
United Arab Emirates,ARE,2023,,child_mortality,2026-06-15T20:43:29.931236
United Kingdom,GBR,2021,,child_mortality,2026-06-15T20:43:29.931316
United Kingdom,GBR,2022,,child_mortality,2026-06-15T20:43:29.931316
United Kingdom,GBR,2023,,child_mortality,2026-06-15T20:43:29.931316
United States,USA,2021,,child_mortality,2026-06-15T20:43:29.931353
United States,USA,2022,,child_mortality,2026-06-15T20:43:29.931354
United States,USA,2023,,child_mortality,2026-06-15T20:43:29.931354
Upper-middle-income countries,OWID_UMC,2021,,child_mortality,2026-06-15T20:43:29.931372
Upper-middle-income countries,OWID_UMC,2022,,child_mortality,2026-06-15T20:43:29.931372
Upper-middle-income countries,OWID_UMC,2023,,child_mortality,2026-06-15T20:43:29.931373
Uruguay,URY,2021,,child_mortality,2026-06-15T20:43:29.931410
Uruguay,URY,2022,,child_mortality,2026-06-15T20:43:29.931411
Uruguay,URY,2023,,child_mortality,2026-06-15T20:43:29.931411
Uzbekistan,UZB,2021,,child_mortality,2026-06-15T20:43:29.931429
Uzbekistan,UZB,2022,,child_mortality,2026-06-15T20:43:29.931429
Uzbekistan,UZB,2023,,child_mortality,2026-06-15T20:43:29.931430
Vanuatu,VUT,2021,,child_mortality,2026-06-15T20:43:29.931456
Vanuatu,VUT,2022,,child_mortality,2026-06-15T20:43:29.931457
Vanuatu,VUT,2023,,child_mortality,2026-06-15T20:43:29.931457
Venezuela,VEN,2021,,child_mortality,2026-06-15T20:43:29.931506
Venezuela,VEN,2022,,child_mortality,2026-06-15T20:43:29.931506
Venezuela,VEN,2023,,child_mortality,2026-06-15T20:43:29.931507
Vietnam,VNM,2021,,child_mortality,2026-06-15T20:43:29.931537
Vietnam,VNM,2022,,child_mortality,2026-06-15T20:43:29.931537
Vietnam,VNM,2023,,child_mortality,2026-06-15T20:43:29.931538
World,OWID_WRL,2021,,child_mortality,2026-06-15T20:43:29.931634
World,OWID_WRL,2022,,child_mortality,2026-06-15T20:43:29.931635
World,OWID_WRL,2023,,child_mortality,2026-06-15T20:43:29.931636
Yemen,YEM,2021,,child_mortality,2026-06-15T20:43:29.931667
Yemen,YEM,2022,,child_mortality,2026-06-15T20:43:29.931667
Yemen,YEM,2023,,child_mortality,2026-06-15T20:43:29.931668
Zambia,ZMB,2021,,child_mortality,2026-06-15T20:43:29.931699
Zambia,ZMB,2022,,child_mortality,2026-06-15T20:43:29.931700
Zambia,ZMB,2023,,child_mortality,2026-06-15T20:43:29.931700
Zimbabwe,ZWE,2021,,child_mortality,2026-06-15T20:43:29.931729
Zimbabwe,ZWE,2022,,child_mortality,2026-06-15T20:43:29.931729
Zimbabwe,ZWE,2023,,child_mortality,2026-06-15T20:43:29.931730
